# 3D point list with one line of data per point:
#   POINT3D_ID, X, Y, Z, R, G, B, ERROR, TRACK[] as (IMAGE_ID, POINT2D_IDX)
# Number of points: 1529, mean track length: 3.5611510791366907
1 -0.4646878764908382 -8.6297441673933069 16.084526357704021 32 31 27 0.54352523827036692 26 1235 29 1000 28 1325 27 2103 30 4816
2 -2.2695127805001629 -8.4251739076745764 19.535418014604069 64 60 58 0.33329489549268426 26 1882 29 1679 28 2148
3 -0.92505653676611821 -10.229797908801062 15.475200360647129 144 184 222 0.34572771796713103 26 520 29 3475 30 4206
4 -1.260741095793767 -10.384197895661341 15.89238107221947 150 170 188 0.15525006505353764 26 4223 29 3494 28 506
5 -1.8937283388668542 -10.306482321975039 18.499928001335313 40 61 88 0.61590755012475251 26 7333 29 3877 28 8233 30 4709 27 9597 24 6218
6 -0.50801841487667077 -8.3865029500168635 16.044090609681053 25 34 50 0.92108764016812517 26 4961 29 4045 30 1404 27 6767 24 6356 25 4609
7 -2.1591120472454954 -9.5566698876264837 18.485296766251107 35 60 118 0.29500679199825075 26 7484 29 4051 28 5597
8 -1.6946543267027618 -9.1229033605532699 17.838737684060884 5 37 89 0.49683657965401323 26 4976 29 4074 28 5647 27 6797
9 -0.30370177935334047 -6.4486943949559228 19.190094553778035 4 7 9 0.49348282689705575 26 5796 29 4822 30 5719 23 6890
10 -0.29513609536423957 -6.5035641211160957 19.338469925334731 4 7 9 0.52207754651770455 26 5797 29 4823 30 5720
11 -0.12272786852140875 -6.3023593342862778 18.958267588971733 129 130 115 0.56256148298663877 26 5807 29 4837 28 6564
12 0.053482181916510774 -6.3401638747985034 19.116704791203617 118 120 107 0.46813156281277313 26 5811 29 4839 24 6821
13 -0.15549841354629357 -5.7520388487252347 20.164093703171272 101 102 94 0.60478283086486728 26 5988 29 4981 28 6731 30 5913
14 2.8420975820779897 3.0689306564906134 21.939385941536159 192 156 128 0.79002347973604814 26 6642 29 5408 28 7433 30 3735 27 8595 24 5496 25 5879 23 5651
15 -0.96361480772607377 -10.614464670432101 15.866248833717826 9 54 107 0.50578651441338252 26 7009 29 5755 28 7888
16 -0.20078654506439475 -9.0953386039924311 14.469687161661206 157 174 174 0.15842638120872679 26 4372 29 5835 30 6976
17 2.9036314630635522 -7.6204687817370562 12.016521370781906 115 112 83 1.875498414065131 26 9253 29 5882 28 5172
18 2.9036314630635522 -7.6204687817370562 12.016521370781906 115 112 83 1.875498414065131 26 9254 29 5883 28 5173
19 0.85682715606181592 -7.8915565181913756 13.231616350495591 88 87 60 0.35872699046625023 26 7276 29 5945 30 4538
20 0.92046631712527294 -8.0047061640716404 13.949904210012397 121 122 102 0.50013325665762032 26 7350 29 6017 27 9626
21 0.92046631712527294 -8.0047061640716404 13.949904210012397 121 122 102 0.50013325665762032 26 7351 29 6018 27 9627
22 -0.51927254705942572 -8.4596845969070991 16.281717864302749 164 177 160 0.50953508879869602 26 7505 29 6164 28 8356 30 7302 24 7891
23 4.202008869028889 -5.5034365557042539 12.069725537277826 40 23 17 0.62734178948998398 26 5431 29 6380 28 8620
25 5.3267288507464876 -1.8914187891203302 13.149056020404158 134 130 110 0.91346009462295286 26 8506 29 6876 30 8004
26 0.07176447976432776 -2.0415769111122866 25.030546773661289 64 45 38 1.3629307113069107 26 10094 29 6916 27 11972
27 2.2977513571705921 3.0493523560079425 22.21510868041328 210 227 236 0.96518565652279587 26 10162 29 6958 28 9338 30 9056 27 12032 24 8561 23 8315 25 8125 31 7613 35 8055 32 8401 33 7441 34 6814 39 10427 36 10306 38 11801
28 2.3933572963042331 3.1296496558540694 22.165632115947801 139 119 111 1.1564152281318001 26 8744 29 6963 28 9342 30 8109 27 10841 24 7294 23 7305 25 7276 35 8058 31 5727 32 8405 33 7442 39 7324 36 7555 38 9685
29 2.2831939983927296 3.2321959777440963 21.705107310782484 122 99 66 0.76316805733112558 26 10166 29 6966 28 9344 30 9060 27 12036 24 8566
30 -1.5365222937121774 -12.566060332370919 17.036278702848513 20 60 86 0.63267264589877337 26 10357 29 7111 27 12226
31 -0.29667782327725345 -9.8034000968305826 14.172719887195305 17 35 61 0.56238380439503577 26 9077 29 7188 28 9578 27 9206
32 -0.88956070612247384 -10.400408036888679 15.249868007825683 219 239 234 0.99904843526442177 26 9084 29 7199 28 9593 30 8282
33 -1.0064979027526777 -10.10113884376238 15.456358832180317 220 233 225 0.28656502070797019 26 9125 29 7235 28 7919 30 8322
34 -1.0064979027526777 -10.10113884376238 15.456358832180317 220 233 225 0.28656502070797019 26 9126 29 7236 28 7920 30 8323
35 1.2338528776417117 -8.2534045597393337 12.657695917092214 124 123 103 0.38702387654062093 26 9174 29 7257 30 9227
36 0.6934386391955436 -8.3337029702265735 12.908210692958422 169 231 233 1.553603890168991 26 9167 29 7258 28 9639 30 8333
37 -0.64445980388113677 -9.1562200537089318 14.497943286838057 185 214 228 0.37273852790491063 26 9164 29 7265 28 9653 30 8343 27 11289
38 -0.81780174798167371 -9.2803325190725108 15.262195336111409 52 65 130 0.43750464234899139 26 9219 29 7313 30 8378 24 7682
39 0.53847056225405165 -7.9659966776893389 13.110206852090833 35 33 7 0.5498068234514939 26 9249 29 7324 28 9693 30 8382
40 2.8571958232652102 -6.7268316030274411 11.64958384766474 26 18 0 0.54498491763483781 26 9381 29 7415 28 9791
41 2.2229298637279924 -7.2730929959099893 12.756453223430029 19 10 1 0.4879526388437731 26 9376 29 7421 28 9797
42 -1.0789512390981937 -9.2023574907938634 16.64773418133008 38 53 85 1.0322751862153183 26 10548 29 7427 28 10629 30 8505 27 12371 24 9632
43 -1.2228097945065668 -9.3627783074693482 17.38405950287861 128 145 148 0.44815251187123561 26 9380 29 7462 30 8532 24 7847
45 -2.0267377358336574 -8.9190230045099046 18.584286710007806 44 44 44 0.65220900610003585 26 9497 29 7556 28 9908
46 -0.64411260507814327 -6.29794117063906 20.283567350610515 107 108 103 1.2279517165962404 26 8110 29 7733 28 8869 30 8814 24 8211 25 6974 23 6964
47 1.1639637639435441 -5.470998762716536 17.971089902689876 10 15 19 1.0280955046460136 26 10827 29 7742 28 10122 30 7759 27 11763 25 8484 23 9292
48 -0.3458218618778941 -5.8974884717899592 20.79924433511221 132 133 125 0.24171574542921578 26 9855 29 7770 27 10391
49 4.9056489469266138 -3.5548874021820045 12.193824879172686 90 85 79 0.78890570914612901 26 9865 29 7775 24 9220
50 4.4802823688051925 -2.6624000660729159 13.249067825495693 88 79 61 1.6172098915822737 26 9956 29 7826 28 10202
51 -0.11714482685146772 -2.8510147798656877 24.562671603936511 86 72 61 1.553412524650478 26 10067 29 7873 28 10263 24 9336
52 -0.15829879689837986 -2.3621974721695596 24.756162275146966 130 114 84 1.0805081280061299 26 10978 29 7883 28 10281 24 9349
53 0.49513460252574754 -1.3874560731562806 24.962939808235511 139 114 88 2.1150028468756061 26 10994 29 7893 24 9359
55 8.1168378547735038 8.7186636414180487 22.831740966636378 163 125 96 0.85335268480512749 26 8775 29 7949 28 10345
56 10.715645856811255 12.741719847488728 21.438329870676601 188 128 55 1.248901063406652 26 8831 29 7989 30 9113 27 10935
57 0.88910464599627359 -9.4473240040870348 12.360417202055244 190 194 171 1.133613835302036 26 11201 29 8012 24 9491
58 0.90406578853320529 -9.1806924804395038 12.165647495502121 35 38 31 0.9371884544534298 26 11210 29 8023 28 11072 27 12890
59 0.69458907187087049 -8.8336068697299996 12.566233246869981 188 194 186 0.89559782319691839 26 10407 29 8059 28 10489 30 9164
60 -1.2811547668946204 -10.673299856362547 16.166411675560465 63 78 96 1.2553626162481009 26 10435 29 8102 28 10525 30 9203
61 -0.60097609410595165 -9.832585459198631 14.932264624636936 4 40 63 1.1492113081540118 26 10444 29 8103 28 11128 30 9204
62 1.0126813500767728 -7.8990446709174735 12.350217112917043 203 210 173 0.47993633800086344 26 10492 29 8134 28 10558 30 9232
63 -0.48705339380460194 -9.4872617507006094 15.210109899696823 53 55 44 0.66035266108055635 26 9191 29 8145 28 10564 30 9248
64 0.49583313131421342 -8.0525608661479566 13.104664391099245 173 175 153 0.52044611532099483 26 9233 29 8154 27 11335
65 4.4716106610899189 -6.9656536690210755 11.063741950699397 73 57 41 0.95300344524803415 26 10539 29 8168 28 11182
67 3.0261806966291269 -6.6194712943183465 11.356450839200795 16 10 1 0.64024786509107634 26 10561 29 8188 28 10615 30 9312 27 12389
68 -0.89054867744267019 -8.4572372119315347 17.129352826460345 33 32 40 1.5260634206302863 26 11359 29 8263 30 9849 24 9684
69 -0.33555760316877437 -7.8401351532772283 17.358743471067488 48 51 45 1.1381532062712889 26 10691 29 8305 30 9409
70 4.6609622145045888 -4.7138571662649618 11.408606812119478 31 25 13 2.0018273583165054 26 9686 29 8345 27 10175
71 0.10543231015934831 -6.03414970169211 19.198767011494414 68 71 56 0.36180603499592806 26 10813 29 8389 28 10107
72 -0.23667214259305935 -5.9716308318461824 19.418506894414875 99 102 92 0.62472989747164898 26 10819 29 8395 28 10823 27 12594
73 4.8320533031598538 -3.5911677997236522 11.999927965284586 32 34 13 1.1178034511068202 26 10844 29 8414 27 12614 30 9512 24 9810
74 -1.3042168922603217 -4.6984965713026163 26.48016975822485 137 118 103 1.3804345178034871 26 10931 29 8460 30 9576 27 12671 24 9878
75 0.43909395197908763 -0.37975503401607685 26.070706764195229 167 136 112 1.4352318473686256 26 11614 29 8501 28 10959
76 1.7186270467675397 2.0039040850498506 21.604219711794528 195 194 184 1.1006073939417964 26 11046 29 8514 28 10973 30 9644
77 1.7473867632444402 2.0208214574714431 21.815288489027019 195 194 184 1.4202433688247438 26 11047 29 8515 28 10974 30 9645 27 12750 31 8648 35 8042 32 8385 33 7420
78 7.0098474689235353 5.9380485354456054 20.63009299073941 176 129 91 0.17961113022335382 26 11058 29 8528 27 13201
79 7.4255640094738622 6.7514085530872991 21.892287714607207 116 76 59 1.1877538696976666 26 11061 29 8532 30 9657
80 7.1299351827290005 6.9416150259051115 21.642224403181011 178 144 109 0.78578666401398889 26 10183 29 8535 28 10336 30 9658 27 12766 33 8397
81 10.776015193677832 12.543501811162308 21.38469736445284 201 151 100 1.4066026208205993 26 11118 29 8558 27 12815 30 9689
82 -0.64358755351037389 -10.181494534081773 14.580744986297264 29 66 76 0.63391585791930183 26 11238 29 8600 28 11099 30 9727 27 12907
83 0.10187712520779398 -9.7587768880910737 13.911704533517915 62 87 123 1.5751366950243597 26 11245 29 8601 28 11100
84 -0.94002860463551874 -10.831540732798526 15.638885435348504 58 77 89 1.1277006259149647 26 11243 29 8604 28 10494 30 9733 24 9521
85 1.1110368867844096 -8.7101417712456222 12.445193534568174 19 53 14 0.71375780692236257 26 11258 29 8605 30 10103
86 0.50836072244369035 -9.0498944691366194 13.100205621325658 179 202 218 1.3270992701241127 26 11256 29 8611 28 11114 30 9736
87 -0.6981555134277313 -10.451218553543708 15.45041322802728 221 244 254 0.93547369268670755 26 11763 29 8620 28 11498 30 10336
88 1.1916305618549394 -7.9222450379292226 12.386224246435939 54 45 41 1.4606414023914678 26 10499 29 8644 28 11148 30 9773 27 12941
89 1.4350406858263365 -7.6863665471081877 12.237704522576802 187 189 174 0.2930135966786549 26 10513 29 8649 28 10569 30 9781
90 4.0379325264139174 -6.8363131573167104 11.43120038559687 49 27 24 1.2187035272895219 26 11330 29 8670 28 11189 30 9805
91 4.0414028462007581 -6.5392311257713907 11.319919070605101 40 19 15 1.0156738247224677 26 10573 29 8676 28 10639 27 12402
92 4.5832476764065166 -6.5314092969955579 11.385401523222633 43 16 2 1.2052907550371921 26 11350 29 8681 28 11198 30 10149 27 12408
93 4.9068312099221689 -6.4251253041358511 11.30739249605362 50 28 40 0.56613435954585845 26 10604 29 8686 28 10663
94 4.9643907658976119 -6.1935059865081019 11.173988262248248 46 30 5 1.039114714956838 26 11358 29 8694 28 11215
95 4.8215239851693115 -6.0695087207749827 11.199130968336387 7 0 0 0.68722908858026477 26 10629 29 8698 28 11223 27 13005
96 -1.1570522045299576 -8.6835558321395379 17.23095301144194 102 109 122 0.91752195881154741 26 11354 29 8701 28 11220 24 9676
97 4.1397928276495088 -5.894945660442473 11.225881120961716 14 12 4 0.64275688254788965 26 11370 29 8709 28 11228
98 3.2904030531360586 -5.8389375078231653 11.744345746550811 47 41 27 1.3172367706377175 26 11388 29 8718 30 9859 27 13018
99 4.0224201298616391 -5.0176734789481285 11.895112810268117 20 7 3 1.5732003642885577 26 11442 29 8760 24 9745
100 4.013608701563645 -5.0119058149732805 11.875685146656224 20 7 3 1.6811311757921827 26 11443 29 8761 28 11277 30 9890 24 9746
101 -1.2090098267905702 -7.1281302733264447 21.68575177406688 26 29 35 1.6199584796472475 26 11877 29 8789 28 11607 30 10209 24 9781
102 -0.46628026605999118 -6.1949569369050446 20.273527634990717 31 34 25 0.61571684491462719 26 11497 29 8799 30 10213 24 9799 23 9567 25 8847
103 0.91868250244903837 -5.2616608928734108 18.942141484744099 26 23 34 1.3113911493679211 26 12101 29 8807 28 11615 30 9942 27 13586
104 4.6595156673726486 -2.5952277116463409 13.26621267940058 24 16 2 0.97291469034696443 26 10911 29 8841 24 9864
105 -0.92663001240316423 -2.6696384543061522 26.048656613219041 180 154 127 1.3560393794476822 26 11589 29 8871 30 10002
107 0.20083908490369942 -0.050635523226923891 26.113913053036271 157 116 98 2.0715496265862612 26 11618 29 8890 24 10262 23 9788
108 2.6168181011698963 0.35398981691110137 17.580085890406366 220 153 108 0.8720575695990973 26 11621 29 8894 28 11408 27 13184 24 9943
109 0.5070048787109227 -8.6742212001508232 12.43765253506673 64 74 65 2.0908580966701868 26 11758 29 8993 27 13287 30 10100
110 0.89502381213816018 -8.4739433268568387 12.224842622876242 142 233 249 0.62671794907939515 26 11260 29 8997 28 11495
111 -2.0412364659885021 -11.769605371714034 17.917522055897503 197 234 241 1.6383052014378372 26 12022 29 9009 28 11506 27 13291
112 0.77865969544594882 -8.1499696800224122 12.779960076616451 125 183 206 1.2735159797940045 26 11775 29 9015 28 11513 30 10124
113 3.9829777648213867 -6.8998944724393629 10.795689953022164 53 35 16 0.51539618640741613 26 11310 29 9022 28 11171
114 4.384442540184466 -6.9612998104279171 10.865220238592627 36 15 5 1.0362819065792301 26 11789 29 9023 28 11524 30 10348
115 3.8931783172347796 -6.5898772837341042 11.240866846230809 101 92 80 0.93462025700121742 26 11335 29 9039 28 11192 24 9647
116 4.1551336661806157 -6.0722381384142325 11.225287879330299 183 151 124 1.30462096619705 26 11811 29 9058 30 10157 27 13335 24 10113
117 3.4797113470852605 -5.9842544862839091 11.721032546094001 45 33 20 0.7033538076433723 26 11819 29 9064 28 11560 30 10165 27 13342
118 0.94627769466077272 -7.316958548867798 16.45645043677143 21 26 25 0.52012177506750934 26 11416 29 9075
119 5.0300011339075619 -3.7029901267680052 11.629556238182541 47 43 32 0.96953518109334735 26 11884 29 9117 30 10383 27 13389 24 10178
120 5.1411920394560484 -3.4572431635875849 11.77013833541332 38 28 23 1.1799531190178094 26 11511 29 9123 27 13094 24 10186
121 -1.4611982490201214 -6.3177867647856703 26.628317360915261 208 187 170 0.90106412572991279 26 12108 29 9136 30 9960 27 13401
123 0.43954850557316333 -3.3742479362741267 23.626964665204561 136 112 89 1.3990948966024752 26 11917 29 9161 28 11644 30 9991 27 13417
124 -0.62989656701377061 -2.9058394864801804 25.733471634197173 136 113 99 1.0720434375814141 26 11923 29 9165 28 11649 30 10000 24 10244 23 9774
126 0.51349878540994642 -0.60471038781362707 25.600100147612959 111 75 57 0.9163027136592653 26 12126 29 9176 28 11664 30 10268 31 9953
127 0.51555869747487904 -0.6026695373826203 25.606419778878589 111 75 57 1.0053960145373344 26 12127 29 9177 28 11665 31 9954
128 0.61644847932000613 -0.21483841030975226 25.447818614849265 121 91 63 1.521251290315718 26 11938 28 11667 27 13433 25 9230 32 10119 35 10213 29 9181
129 0.62763743282637152 -0.21086098256113212 25.480844016468282 121 91 63 1.561435971672186 26 11939 29 9182 27 13434 25 9231
130 2.2209252565270838 0.27728106367725058 18.558337156768033 218 177 147 0.79700356126179694 26 12132 29 9184 30 10272 27 13617 24 10624
131 0.84824064081512018 2.161656862943039 26.289545363957295 162 117 74 1.3843190996256203 26 11948 29 9193 28 11674 30 10282 27 13443 24 10498
134 2.2440970549154136 -7.5304889608997652 11.900281653386028 96 88 67 0.61818667279921946 26 11781 29 9256 28 11746
135 2.2371621487949431 -7.5302005256601738 11.895314738176312 96 88 67 0.88300148132947887 26 11782 29 9257 28 11747 30 10344 27 13543
136 2.9327279509015396 -7.3405374656153874 11.822711693744395 40 29 8 0.92821083655594594 26 11788 29 9262 27 12954
137 4.1104100029954882 -6.6972655432258286 11.635604737286577 46 26 28 2.0568294013706674 26 12058 29 9270 30 10356 27 13554
138 -0.43520317570310957 -8.3508736618946671 15.86454079878226 11 10 19 1.5669606203400723 26 12059 29 9273 28 11758 30 10358 27 13328 25 9026
139 -0.55829574079390554 -8.2429939363356013 16.009819672129108 148 152 134 0.81632422409269012 26 12061 29 9274 28 11761 30 10359 27 13555 24 10384 25 9180
140 4.2357998229406943 -5.9503722357493016 11.193216329188719 165 147 97 0.5669734187986184 26 11812 29 9275 28 11553 30 10159 27 13337 24 10116
141 4.2357998229406943 -5.9503722357493016 11.193216329188719 165 147 97 0.5669734187986184 26 11813 29 9276 28 11554 30 10160 27 13338 24 10117
142 2.4416709554242497 -6.5568325936737075 13.751159810766621 57 60 44 0.91509886751643399 26 12068 29 9282 28 11764 27 13345
144 3.9661966857002589 -5.4085845453678356 11.755797736759947 72 66 69 0.71150231101567396 26 11835 29 9285 27 13355
145 3.7996837601457432 -5.2549002528680591 11.444151094005317 72 66 69 2.0192581080023153 26 11836 29 9286 30 10491 27 13356
146 -0.5648434390528172 -7.3678243014689606 17.346872929224915 5 6 11 2.3361363742932033 26 12072 29 9291 30 10370 24 10414
147 3.1598405196263641 -5.126862829981552 13.780289177653767 53 53 41 0.74442856304639182 26 11858 29 9298 27 13376
148 -0.55276936018996381 -6.4764710015435556 19.707688527670946 50 54 50 1.8555836137938646 26 12092 29 9307 28 11781 24 10446 27 13582 23 9748 25 9195
149 1.0970863344750057 -5.2804471445062395 16.0291598962629 81 83 78 1.9837319305756338 26 11879 29 9308 30 10504
150 -1.7969391398164789 -7.0318316832178454 24.766161109543919 99 90 85 0.99625894642067736 26 12100 29 9315 30 10387 27 13585 24 10597
151 2.0648953837857946 -3.5103067406328452 18.766039957735597 212 174 144 0.89748272014078323 26 12268 29 9321 28 11795 30 10397 27 13714 24 10605
152 -0.049595570899503144 -1.5673988224434281 25.843829982116855 140 112 75 1.2477149245766979 26 12123 29 9330 28 11656 27 13428
153 7.2374473913319681 4.150987684720441 19.659476097931588 98 67 50 1.0106210996644016 26 12149 29 9353 27 13448
154 2.8552536134223092 -7.5285386384532806 12.152663785343201 123 111 87 1.088251354968037 26 12045 29 9411 30 10469 27 13550
155 -0.88349699267050152 -9.4147603907785005 16.46589203214636 63 73 58 2.1551218637130893 26 12213 29 9413 28 11871 30 10563 27 13679 24 10559
156 2.0143559771611295 -7.1603185791604815 12.78218161189988 24 19 2 2.0241052638731789 26 12051 29 9416 30 10476 24 10373
157 -2.2653952369686214 -10.568612816049253 19.444236211307437 156 206 233 1.2930492732418506 26 12217 29 9417 30 10479 27 13684
158 4.3706429180297262 -5.9050609436719492 11.731801860905126 32 18 28 0.43331825553379305 26 12235 29 9422 27 13691
159 -2.5640865775373416 -9.184816739930767 19.714199846593836 62 61 57 1.2046958071631337 26 12229 29 9424 28 11879 27 13560
161 -0.20321012086894091 -7.0560373350544108 16.553860022023549 3 3 1 1.0595797832356117 26 12244 29 9438
162 -2.8401180642524992 -8.8884921691996119 26.030533536632774 126 130 135 1.2271765380540882 26 12346 29 9446 27 13797
163 3.6798280109311139 -3.3059907395975285 13.909297718259202 117 114 99 1.3915619944718671 26 12265 29 9453 30 10506 27 13711 24 10683
166 1.9914917580841933 1.3859586065722509 22.320759778635978 187 140 94 1.4277267503390589 26 12362 29 9470 27 13815 24 10694
168 7.0487334481501431 7.2783406884807 22.167554567331308 192 147 102 0.71621540671977435 26 12293 29 9476 33 9997
169 -0.01738299423652645 -9.1107470794811416 13.545507865195241 58 69 73 1.2556267478049281 26 12203 29 9499 28 11957 30 10556 24 10669
170 0.90442650183240347 -7.7062419301241061 12.514266381795458 74 73 53 1.9890447275558438 26 12322 29 9502 28 11962 30 10559 27 13782 24 10725
171 -0.62727592502065599 -9.2758645337863541 15.747153635042723 125 125 143 1.5950294729350305 26 12327 29 9505 28 11966 30 10562 27 13784
172 3.0747686346906322 -6.787457940112775 11.834827864629073 47 33 22 0.80655897814486899 26 12219 29 9507 28 11968 30 10564 27 13686
173 1.6205297744578762 -7.5915055224274957 13.831115702589424 20 19 10 1.3229914355837917 26 12330 29 9508 28 11970 30 10566
174 1.1555534005288282 -7.6104336402764066 15.383966361234229 53 56 53 0.87488543094687388 26 12334 29 9509
175 -1.2860155221381298 -8.3886934799659247 17.461080836977626 67 65 64 1.0902372038581702 26 12333 29 9510 30 10567 27 13789 24 10675 31 10227 32 10663
176 0.082362744768494825 -6.0559791270620833 17.172577024632186 72 76 71 1.338314106135398 26 12344 29 9514 27 13795 24 10739
177 0.082362744768494825 -6.0559791270620833 17.172577024632186 72 76 71 1.338314106135398 26 12345 29 9515 27 13796 24 10740
179 4.5590125574184972 -2.5590131838360337 13.577006115627293 15 6 0 1.3858538667848426 26 12267 29 9526 28 11904 27 13715
180 7.8061123523376867 4.0643765355969803 20.495936580228282 98 70 45 1.4991204497457482 26 12287 29 9542 28 12003 27 13733
181 9.0207092420160553 9.2016023988715858 21.009348353430873 125 94 86 1.8518885524929587 26 12372 29 9545 30 10599 27 13817 24 10698 31 10360 38 12997
184 4.3874702117860371 -6.1693252017185474 11.089632592570759 61 47 21 1.108076976931855 26 12404 29 9571 28 12040 27 13849 24 10731
185 2.409053665895275 0.95321313956433429 19.705838886304662 199 123 91 0.69237500856371026 26 12419 29 9584 28 12055 30 10636 27 13866 24 10749
186 8.1514625789597872 8.3151775930277712 22.34168663815241 109 72 59 1.732874358873377 26 12370 29 9588 28 12009 30 10598 31 10356 35 10570 32 10776 33 10078 34 9645 39 12292 36 12076
191 -1.3511399711959635 -10.341075624861055 16.022487578240774 215 246 251 0.15251866099266306 29 422 28 557 27 1175
192 -0.73338154906212483 -9.5107665791011389 14.943106878334909 186 210 248 0.50947247077232838 29 458 28 612 30 4337
194 -0.19902826049110395 -9.0195322700945457 14.67977985518632 172 198 181 0.13588050024860004 29 568 28 769 30 713
195 -0.67612917861968569 -9.0619436524204158 15.011772000515588 156 205 249 0.43940247900086077 29 3701 28 820 30 4487
196 -1.1659151053525054 -9.7270363355259519 16.186123398482181 60 96 156 0.81227616782686263 26 816 29 3715 28 838 30 4509 27 1522
197 -0.62396523358283107 -8.9130362792529905 15.117225549286051 133 216 252 0.06981843575006734 29 692 28 928 30 883
199 -1.4415118582200146 -9.7701393772737628 18.081330249161468 46 85 125 0.43534469001277543 26 1178 29 969 28 1288 30 1294
205 -2.2366302345665616 -8.950971843772674 17.360498715838606 78 84 123 0.6781972877578778 29 1099 28 1438 30 1394
206 -1.7761927258903554 -9.2108585840370392 17.824027612750562 148 161 177 0.058727436183973858 29 1112 28 1464 30 1426
207 -1.4978407546960131 -8.7472749087379338 17.096967348017525 61 74 102 0.8385768391404631 29 1148 28 1502 30 1454
208 4.258237859191186 -5.9337692012960019 11.21779681730181 75 66 59 0.44934704567905986 26 1564 28 1635 30 1543 27 2604
209 -1.8671912350136695 -8.8593125894862474 17.899230251772529 165 158 150 0.2300768935995019 29 1241 28 1639 30 4997
211 -1.5164009903947113 -8.8432448557805525 17.98703182741421 34 41 58 0.040658297344572658 29 1280 28 1674 30 1615
212 -1.4899182795920625 -8.1542929226422771 17.421507357214853 123 125 137 0.12405817051916836 29 1426 28 1848 30 1780
215 -1.671369206200658 -7.9440628817802397 18.226966028415109 26 24 17 0.72337519803927675 29 1655 28 2111 30 5277
216 -1.8575718563334986 -8.1009163713434305 18.76772036853621 123 132 118 0.29049307231623916 29 4437 28 2147 30 2059
221 -1.1407821131393225 -10.606470915615999 15.553241108288221 218 234 247 0.030787620283962803 29 3410 28 4856 30 4142
224 0.57736019008169681 -8.5453767780043322 12.978713782141046 59 86 152 0.77479413591109214 29 3492 28 4947 30 4230
226 -1.6288804081166237 -10.646736272443933 16.53904957342564 165 204 245 0.9212982312203184 26 4264 29 3528 28 4978 27 5955
227 -0.47124680027685978 -9.2237261006700262 14.486240644410193 204 214 229 0.21834288767544061 29 3563 28 5023 30 4336
228 -0.79144344337680739 -9.381715055040118 14.861479624897305 218 238 223 0.15444434063200996 29 3580 28 5036 30 4360
229 0.52794402349179514 -8.4423068390824909 13.31754626386077 128 156 157 0.6757669026846892 29 5827 28 5055 30 8349
230 -0.8802699940797768 -9.3028884877064097 15.455174907629033 71 97 142 0.53537447055772858 29 3705 28 5178 30 4499 27 6234
232 -0.64963080124362305 -8.7091948276708582 15.137373082867191 195 235 253 0.26228367574018907 29 772 28 5313 30 4606
240 -0.61751546001668045 -8.2002267500428534 14.984270517795368 84 101 113 0.62381788210456512 29 3916 28 5446 30 4738
242 -0.39585301186063332 -8.0899127665005537 14.895287716256282 142 152 136 0.49053637244169507 29 3945 28 5463 30 4760
243 -1.1311856900492037 -9.4330821609879205 17.370024650874512 76 88 80 0.67153406485288603 29 957 28 5483 30 1270 24 4037
244 4.4841700953123533 -6.577683040322361 11.35377612815082 134 127 93 0.20337693188806952 26 4956 28 5489 27 2219
245 -1.7037290526826065 -9.0887933351017498 17.227417660665868 46 80 116 0.60295486181364033 29 4002 28 5544 30 4833
247 -1.2357843623050708 -9.0535179805154105 17.298119505629295 199 218 221 0.57248512940420293 29 4032 28 5581 30 4873 27 6737 24 4141 26 4935
248 -1.0259449627927402 -8.3267088409320813 16.042926110169489 5 8 37 0.46924282636560538 29 4042 28 5585 30 4884
250 -1.2968749745473784 -8.9566697723857853 17.283376096199628 198 227 230 0.50218105677794278 29 4052 28 5602 30 4894 27 2215 24 4166
251 -0.16709122628992548 -8.3966652620905737 16.082623922839371 3 4 0 1.716218350047495 29 4056 28 5612 30 7297 24 6371
252 -0.46728419262065696 -8.2852075740406264 16.036566834179123 36 47 33 1.1522120001640872 26 4991 29 4065 28 5632 27 6807 24 4188 25 4642
254 -1.6910543880163951 -9.0593945527533606 17.72871906872215 1 20 100 0.41560272998991493 29 4075 28 5648 27 6798 24 6382
255 -0.98505301520536048 -8.7035917285108706 16.982718963153467 107 116 105 0.16511077464320703 29 4078 28 5653 30 4927 24 4193
256 -1.5782193060806342 -8.9251017157249954 17.531994365412647 29 32 54 0.45647927981771214 29 4088 28 5660 30 4932
257 -1.2440066358316042 -8.6898701758233763 17.174840591739997 21 36 65 0.38681693766784087 29 4106 28 5684 30 4952 27 6840 24 4220
258 -0.93713782455643513 -8.5865824737694449 16.944164740377314 158 162 148 0.16872686257693939 29 4108 28 5687 30 4962
259 -2.0957456892243496 -9.0896061445075684 18.35763703046835 55 56 65 0.2582300160893059 29 4136 28 5722 30 4996
260 -1.4253848257203818 -8.6674566720698891 17.60790705717638 124 130 128 0.17689249748912797 29 4157 28 5747 30 5020
262 -1.6526081783818498 -8.8351478499177105 18.001787956572215 21 26 40 1.0124983284098508 29 4163 28 5751 30 5021 35 5173 32 7736 31 4589 33 6741
264 3.0086658982206704 -5.9878550028210515 11.786296675309 154 156 154 1.3215711058869222 29 4167 28 5757 30 5017
266 -0.78674930117173758 -7.9251683795422228 16.377039582757526 133 145 134 0.25951574210178113 29 4195 28 5790 30 5057
267 -0.78674930117173758 -7.9251683795422228 16.377039582757526 133 145 134 0.25951574210178113 29 4196 28 5791 30 5058
268 3.155044973804022 -6.0707147190132114 12.247704286376591 156 152 125 0.57815416782137852 29 6268 28 5838 27 7123
273 -2.053311287504699 -8.3558704337821279 18.237488849268306 172 170 156 1.4328001198400404 29 4297 28 5923 30 5175 27 9935 26 7656 24 6524 23 1333
276 -1.2156194838556047 -8.0136594160381485 17.493115622216102 36 42 28 0.21438644451816721 29 4311 28 5940 30 5182
277 3.2841714952301411 -5.9514730026294327 12.477514244157559 152 157 134 0.74228010119782784 26 7725 29 4313 28 5942
280 -1.3526384948083339 -8.206352663120887 18.019280254914079 133 130 91 0.12565447029276983 29 4327 28 5966 30 5195
281 3.9452733883994888 -5.4192144319187863 11.757513564117545 44 42 23 0.3051199956421024 26 5407 28 6067 30 7491
283 1.2939201467375239 -5.3032638096161007 17.118832842109853 152 121 86 0.76773210508667356 29 4913 28 6642 30 2804
288 -1.5248807042782639 -7.1921873648818888 25.422856292798656 141 136 132 0.61789156204459383 26 8215 29 2477 28 6751 27 7904
289 0.79982410267514903 -4.7779598870343154 18.092909933518914 46 37 8 0.55747182386142324 29 6708 28 6793 30 8860
292 3.9110529896230708 -2.7886639262145829 13.504384624794966 153 154 138 0.54891704962981247 29 5202 28 6976 30 6175
299 8.2167367040631909 9.1602406943892021 23.30233285386964 159 110 61 1.0528686573983501 26 8779 29 6990 28 7467 27 10855
304 0.1072995153438497 -10.311770969203927 13.828193382231524 132 150 166 0.49335610909755223 29 5619 28 7707 30 6684
306 0.3442689961805605 -9.5528408855510971 13.364575046234407 188 199 198 0.23659361872271265 29 5672 28 7787 30 6772
308 -0.29301094749286882 -9.7631045126172271 14.028699627175225 178 216 220 0.40288769450914419 26 6970 29 5702 28 7820
309 -0.43505541259255376 -10.054410095723103 14.616956562685967 166 203 219 0.24457130197540811 29 5723 28 7837 30 6810
312 0.60504970994799401 -8.8506743818238487 13.084706575015208 165 165 162 0.18002625349966653 29 5750 28 7882 30 6847
314 -0.99756080412271086 -10.282967060921411 15.500094066840514 177 198 199 0.3131048520487188 29 5762 28 7894 30 6866
315 -0.81916901450776503 -9.9953025994749058 15.147919623440751 16 87 138 0.13209553837652691 29 5768 28 7901 30 6875
316 -1.2851125740455251 -10.431387206720078 16.154892324442951 0 25 67 0.5224797324153031 29 5795 28 7939 30 6910
317 0.37280990083503807 -8.9689974888711159 13.767656605605175 179 204 200 0.43150017447237321 29 5794 28 7945 30 8330
318 -1.6114730485920952 -10.541738037595094 16.502383382522083 53 88 156 0.4358085296351738 26 7068 28 7959 30 6930 29 3550
319 0.49752037763460777 -8.5949151398320698 13.344164449552762 166 216 213 0.32502963793285472 29 5807 28 7965 30 8334
320 0.81378908731863364 -8.065848323856855 12.541493894307592 170 170 185 0.27150737546218923 29 5813 28 7970 30 6931
321 0.38352133544048661 -8.857204277720653 13.940643878200072 199 204 183 0.30565518085016302 29 5826 28 7995 30 6969
322 0.97422908544965481 -7.8987102509085405 12.443176424460692 29 33 57 0.77959219592575313 29 7274 28 8001 30 8347
323 3.05838735544928 -7.2210840414250033 11.35120341263656 149 153 127 0.80977777869210055 29 7306 28 8055 30 7026
324 2.626041044319309 -7.1539994068668955 11.432273871825521 41 36 39 0.29658968229829191 29 7318 28 8080 30 8380
325 0.52360396362911532 -8.1482234672919009 13.473027443912756 133 136 125 0.56143475339000914 29 7329 28 8085 30 8391
326 0.52360396362911532 -8.1482234672919009 13.473027443912756 133 136 125 0.56143475339000914 29 7330 28 8086 30 8392
328 -0.55853271842953434 -8.8718028446938071 14.925197646121273 208 228 228 0.33228574248039949 29 5932 28 8098 30 7075
329 0.36789072058281497 -7.4888380161250039 13.062692800627135 32 22 23 1.0834897713876315 26 9320 28 8169 30 1013 29 3814 24 7776
330 0.12079484871202741 -7.9607204713060691 13.954179314053645 179 182 163 0.1912841265542817 29 6009 28 8184 30 8463
331 2.9984103650543865 -6.7708933634904653 11.412277538062702 51 49 12 0.59857978292869296 29 5999 28 8195 27 9650 26 7374
332 4.6662514859933806 -6.9932998745467163 11.383922069766843 30 24 1 0.9440746146939949 26 7377 28 8198 30 7147
334 -1.5869918897797914 -10.133401502949988 17.905845509456302 181 226 237 0.32785040832601386 26 7313 29 6021 28 8213 30 4656 27 9569
337 3.1302799631729203 -6.5883044825581987 11.575938655741396 147 151 125 1.0795055718572673 29 6072 28 8284 30 7216
339 -2.6672777451309262 -9.8495497130005134 18.607918237618151 38 99 137 0.55186622565695842 26 7420 28 8310 27 9686
341 -1.6342301070617526 -9.1271086981613792 17.356576246091322 61 89 141 0.18411051251773647 29 6130 28 8326 30 7272
342 -1.0261078965288812 -8.8713902333733259 16.86763462383221 178 195 195 0.1556202173380006 29 6138 28 8330 30 4856
343 -1.0230853567370193 -8.960587664121185 17.031620899672365 178 195 195 0.86041480419761263 29 6139 28 8331 30 4857 27 9745 26 7476 24 6333
344 -1.978825048023487 -8.9746897082658279 18.319914451757061 32 34 49 0.447132428538771 26 7567 28 8431 27 6901
345 3.030630216596284 -6.1435545494419985 12.164188780782164 137 134 97 0.58507664649471969 29 7546 28 8447 27 9917
348 -1.9952353743459947 -7.8717532138088098 18.27987697819362 117 116 76 0.29150590834870499 29 6376 28 8614 30 7514
350 1.6714498391837436 -4.945708158673261 16.235748195843282 199 141 115 0.56378412491535446 26 5921 28 8884 27 10348
351 1.2051580325550304 -5.163906005638875 17.141183148316944 123 63 0 1.3162257056168418 26 9820 28 8894 30 5841 27 11770 24 8240 30 5851 23 8832
352 4.7765162816081821 -3.4023091596793278 11.814491798265079 14 25 7 0.74551842295167414 29 4996 28 8944 27 7950
354 4.8313174746854628 -2.92278569894121 11.78727124512028 172 165 146 0.68127800384329373 29 7799 28 9006 30 8884 27 10502 26 10880
357 -0.062131661628882229 -4.7777903398327721 22.089889104090663 50 48 58 0.86700732809638204 26 8377 28 9068 27 10534
360 3.8265751449483187 -2.4499748574238041 13.230896602099323 118 121 113 0.94950657301922015 26 6329 28 9101 27 8247
361 5.2758800928929332 -1.9686173369452258 13.141776438249318 151 150 110 0.69519681182033133 29 6863 28 9153 30 7990 27 10644 26 8494
362 5.3572698517035233 -1.9974720468215947 13.290507746501335 151 150 110 0.43241096868625406 29 6864 28 9154 27 10645
364 5.9639541319823408 -1.0282088690365638 11.86368875327134 41 30 27 1.516708083252243 26 8583 28 9221 27 8459
366 2.1767300171997137 -0.21707504929685095 18.305680298457034 204 143 89 0.72154307873927925 29 6927 28 9273 27 12000
367 2.5707314985907619 0.95246167476333399 19.107214419926233 206 140 124 0.70182376920570511 29 7914 28 9299 30 8099
372 0.24596654824522318 -9.7330806621962633 13.504824872243272 190 209 198 0.11746525161598247 29 7147 28 9547 30 8243
373 -0.36485864395774109 -9.7518567075685443 13.698727107531338 45 99 171 0.43951183970753194 29 7157 28 9553 30 9153
374 -0.32640782670075408 -9.8328319038803205 14.019425496622405 35 80 130 0.36441819347743037 29 7176 28 9569 30 8263
375 -0.20565094578324694 -9.629155445857899 13.727568293828424 220 241 242 0.47466312288580614 29 7177 28 9571 30 8262 27 9190
376 0.12044084376056793 -9.5697535645763079 13.896600233679299 206 224 225 0.71487945934161046 29 7196 28 9589 30 6817
378 -0.48051915713630244 -10.356328861662863 15.344178578938054 135 192 203 0.29104536219492333 29 7212 28 9605 30 8300
379 0.066526560856645114 -8.8223491908309803 13.614063938776034 68 77 85 0.45535812846898277 29 8118 28 9628 30 9223
381 0.84238113910969947 -7.9687410665701996 12.492713449272559 56 58 67 0.74891375438400332 29 7266 28 9654 30 8342
382 -0.63240933332538263 -9.0769894750069327 14.517967668595871 8 46 105 0.77669526534527777 29 7278 28 9658 30 6975 27 11306
383 0.26606541602273215 -9.073252005955716 14.419003569738363 199 215 204 0.30965682645402282 29 7283 28 9664 30 8357
384 1.0915115439528327 -8.1992036559328909 12.969395458342223 186 204 203 0.68790361175140846 29 5843 28 9665 30 8355
385 1.5251815268654658 -7.7112534428945176 12.210838469469422 30 28 29 0.70423524398381865 29 8144 28 9675 27 12336
387 1.4849124856350342 -7.516407040989491 12.158116539167919 16 29 13 0.53172063769183731 29 7314 28 9691 30 8375
388 -0.30475666660367073 -8.7865004248695104 14.581694654711052 201 204 189 0.16078829586635066 29 7327 28 9699 30 7054
389 -0.30318981215405905 -8.8148138359602886 14.627488833779546 201 204 189 0.32966574338292859 26 9243 29 7328 28 9700 30 7055 27 11338
391 -0.45610516489576264 -8.9693472623954058 15.010713304568254 60 36 59 0.93210658641153255 26 9250 29 7339 28 9707 27 11345
392 -0.48141636889927863 -8.6159758220881226 14.590888098615441 178 202 215 0.45511016336862936 29 7346 28 9716 30 8418
394 -0.30359355037001295 -8.4551988127603082 14.436362288008125 26 57 85 0.43029223571527692 26 9281 28 9727 24 7734
395 -0.30359355037001295 -8.4551988127603082 14.436362288008125 26 57 85 0.43029223571527692 26 9282 28 9728 24 7735
396 -1.1827515025756661 -9.5198300756990868 16.42550404413473 214 223 224 0.42748627289383584 29 7369 28 9740 30 8434 27 11364 26 10530 24 8879
398 -0.9649996581789364 -9.3147345415497558 16.100575595889115 41 35 53 0.43302539394144474 29 7373 28 9743 30 8442
399 -2.0479030474203461 -10.70049234467189 18.586766824605018 176 217 237 0.83594965332060445 26 9279 29 5987 28 9749 30 8453 27 11357 24 7746
402 -1.1838589286577881 -9.41871623408597 16.615060171973319 19 42 17 0.34794861006044048 29 6015 28 9768 30 7164
407 -0.60230827332983028 -8.7637603125589099 16.021266450982864 54 70 83 1.1427005383274749 26 9368 28 9817 27 12377
408 -0.49142415542455814 -8.3175192699661018 16.225251784732688 172 175 142 0.39942192499749507 29 6186 28 9863 30 8566
409 4.3371265218873001 -5.9803178446726228 11.253885545685234 188 182 160 0.5285990016976333 26 7597 29 7522 28 9883 30 7344 27 9891
410 -0.9007640074239549 -8.3053395119922708 17.467173853982551 84 89 82 0.27069731364177907 29 6285 28 9921 30 8634
413 -1.6611813867287786 -7.9526469553650943 17.841726935904802 39 40 48 0.59517266161135185 29 7609 28 9954 30 7475
415 -1.5223729702275204 -7.7538368157151725 18.181921374727626 147 150 132 0.38255084188254768 29 8322 28 9976 23 8727
416 -2.2452938544683296 -8.4479728621361456 20.682179318923055 47 45 50 0.74773128781427844 26 9634 29 7659 28 10002 30 9441
418 -0.086846053714961208 -5.1739239863279511 18.610828571064282 30 39 31 0.9526448797540924 29 7773 28 10136 30 8848
419 2.3541238178486146 -4.1295781609505777 15.110161929496725 122 42 13 0.3454020367294835 29 6701 28 10141 30 8857
421 0.45235912515636251 -4.5749574360065219 21.032593408958778 106 105 89 0.58560623180126581 26 9946 29 7811 28 10196 30 8908 27 11867
427 -0.80811790640090719 -2.8275296676777253 26.171459595874111 118 100 93 1.9622095085482101 26 10075 29 7877 28 10272 30 9003 24 9345
431 7.0349122799899542 6.9232935509422351 20.412472312191962 153 126 78 0.95967490140218326 26 8767 28 10337 30 9072 27 10851
439 -0.48242356151224158 -10.79176656524824 14.976835331158627 49 59 123 0.421168173845689 29 8048 28 10471 30 9149
441 0.7460886448916727 -9.0928279913988526 12.888643793575127 187 193 188 0.55240235284952399 29 8060 28 10490 30 9165
442 1.1665287312083465 -8.6212150267632364 12.510017349609393 200 220 225 0.96993981715254485 29 8615 28 10501 30 9179
443 0.38259850375200827 -8.9683939591015776 13.387551602993875 222 234 224 0.62000522753437859 26 10441 28 10514 30 9195 27 12296
444 0.38927683777765026 -8.9977132942824625 13.423514704670378 222 234 224 0.53172548435905898 26 10442 28 10515 30 9196
445 0.6882814006105219 -8.7118348338096308 12.967233430400483 153 182 196 1.0317337692686039 29 8092 28 10516 30 9197
446 1.7796244330586486 -8.6676857577671527 12.703587695721618 159 176 165 1.4903517961213533 29 8098 28 10520 30 9199
447 1.7796244330586486 -8.6676857577671527 12.703587695721618 159 176 165 1.4903517961213533 29 8099 28 10521 30 9200
448 0.92476905074277116 -8.4824553906746747 12.640058830387559 44 68 96 0.67291895460358686 26 10452 29 8100 28 10522 30 9198 27 12305
450 1.1251806853093946 -8.2022628173528229 12.64921817317801 4 17 44 0.53379630155559787 29 8635 28 10549 30 9230
451 2.3584717438269474 -8.1042965074583098 12.438448120062322 16 17 7 1.6265217676263592 26 10502 29 8645 28 10562
452 1.1192306052056626 -7.7136883794973237 12.381587916566465 56 63 54 0.80662993756637535 29 8148 28 10571 30 9251
453 -0.13631827260491661 -8.9193076693591884 14.788889771687627 35 44 57 0.43747154611487227 26 10515 28 10582 27 12342 24 7702
454 -0.15321464164978146 -8.7756293673359824 14.571653274506922 35 44 57 0.27227189192324336 29 7334 28 10583 30 8396
455 2.7388108457739966 -7.0618010941133882 11.745892921841003 44 27 34 1.2248853896831258 26 11321 28 10598 30 9799 29 9036 24 9618
457 -0.26354824956901646 -8.0739758143289659 14.396451398184636 69 67 47 0.95331040321857652 29 8190 28 10613 30 9315 27 12372
458 -0.24858615737258111 -8.217440361364746 14.622291932774266 69 67 47 1.2302427576738253 29 8191 28 10614 30 9316
460 -1.0737606468016561 -9.4334189529439652 17.251598065221842 213 216 202 0.41916081570769192 26 9364 29 7443 28 10637 30 8520 24 9640
461 2.9021614971033123 -6.7421612854496633 12.004077424609829 99 102 100 0.59252789327191513 29 8212 28 10645 30 9330
463 -2.0247509511446378 -9.180657524327188 17.798892847526144 51 68 103 1.0011623283958262 29 8239 28 10667 30 9350
465 3.0731195006809311 -6.2058787780706171 11.988803356097927 137 135 96 0.38763580205821535 29 8255 28 10690 30 8586
466 3.1400221713869865 -6.3294082069231798 12.323570959615012 34 31 8 0.19992334897033065 28 10697 27 12452
467 4.4012644310574194 -5.9565078181682125 11.363602085576495 51 52 60 1.2560374794490874 26 10647 28 10699 30 9848
468 4.1739798250099209 -5.5714426950442526 12.339817537208777 14 15 10 1.1713953204867378 29 8744 28 10752 27 13044 26 11431
474 1.4461688819953233 -5.5871798568156681 17.496595656357464 47 30 41 0.82835907026862843 29 8793 30 10210 24 10174
476 1.6291662327149901 -4.7785454354174224 17.536161364949461 187 113 103 0.96811325300800899 26 10858 28 10855 27 11812 24 9820
479 5.1711982202301447 -2.4023080791126223 12.873926248451594 2 23 7 0.82264700646830813 26 10916 29 8847 28 10898
480 0.4059341582888587 -3.5772839235169269 20.554150481974887 99 83 83 0.7257965614143651 26 10932 28 10907
485 -0.54100257964649423 -2.1806717560461752 27.075004073881658 148 120 96 2.002244307567806 26 10984 28 10940 27 12715 30 9615
492 -1.7911493787318429 -13.006659580777365 17.552241669119002 12 61 91 1.7848424024663281 26 11196 29 8036 28 11074 30 9709 27 12884
493 -1.8011313441938543 -12.920729074854886 17.460373714680699 12 61 91 1.4195896964779831 26 11197 28 11075 27 12883
494 1.3746406549614896 -9.6158270259081444 12.684035074584832 164 167 165 0.69553884089185269 29 8981 28 11076 30 9708
495 0.22177173503091763 -9.5173153404640836 13.383286748438779 39 61 36 0.28351706834726992 29 8598 28 11092 30 9721
496 0.93472371615901007 -8.9034202129086406 12.583274268961382 62 56 57 1.6209561058591901 29 8992 28 11101 30 10099
497 -1.9675392523381796 -11.338001374450799 16.505649001843086 51 82 105 0.62906046535915416 26 11237 29 8067 28 11103 30 9731
499 -0.010100937367123261 -9.6365722922547796 13.885385585552038 221 227 232 0.82655766272369346 29 8065 28 11108 30 9734
503 0.43333167638992942 -8.6197422771422101 12.552464741885633 201 211 200 0.81822952330949195 29 8612 28 11115 30 9737
504 1.0028030365793161 -8.9301984964830332 12.981410767144668 71 70 44 0.55418870551745758 29 8617 28 11119 30 9743
507 -0.60097609410595243 -9.8325854591986293 14.932264624636932 8 33 70 1.1492113081540825 26 10445 28 11129 30 9205 29 8104
508 0.51784790817498816 -8.8223995508249828 13.482941217128307 53 59 83 0.61216844876989518 29 8115 28 11131 30 9220 27 12309
509 0.38435417017760692 -8.9613415665216589 13.918312862754382 40 53 85 1.1979290290980902 26 11291 29 8639 28 11141 30 9767 27 12938
511 0.40954657280131884 -8.319158591904305 13.229546703144209 31 44 11 0.19549874468161862 29 8646 28 11152 30 9778
512 -0.52705051858214769 -9.2775682471268492 15.335013013493288 9 8 33 0.91026896224488674 29 8657 28 11167 30 9789
514 0.34564364963480176 -8.1806837120843809 13.921805265886691 25 26 21 0.90709149927524002 26 11311 28 11181 27 12953
515 -1.3051630354054826 -9.6715759919953452 16.785174844478085 29 37 57 1.1198060422135057 26 11785 28 11184 30 10141 27 12952 24 10083
516 -0.65027845672625173 -8.841466780265538 15.889390739542721 15 33 53 1.7440032341214942 26 11325 29 8672 28 11191
517 -0.26829541391189582 -8.4181844290593748 15.283936813755115 19 22 27 1.540686697049749 26 11329 28 11194 30 9815 24 9636
518 4.5082231970369548 -6.5166292068205651 11.185951367089714 182 180 153 1.6043388498062334 26 11342 28 11196 30 10147
519 -0.6740416578831665 -8.5559566750177272 16.286115018213525 0 17 6 0.33935201652892544 29 8688 28 11204 30 9833
520 -2.189705956205299 -9.4405646603225755 18.485619934777869 168 175 189 0.67478217437977384 26 11349 28 11211 24 9672
521 -1.8926313599857767 -9.0906203964571652 18.057613804752503 76 70 72 1.6292244759867935 29 8699 28 11218 30 9843 31 9028 32 9548 33 8699 35 9293
522 -1.9012679412705304 -9.2434558370759135 18.366777333536358 76 70 72 1.0167278003127254 29 8700 28 11219 30 9844 27 12992
523 -0.56843322523300466 -8.2373455376518265 16.285912575410229 14 27 54 1.1882713950202981 26 11355 29 8250 28 11221 30 9362 30 9845 27 12996 24 8976
524 0.081928888341171527 -8.0962465072152039 15.963021344344645 4 17 23 0.89205338803748102 29 8704 28 11222 30 10161
525 2.0608055523336994 -6.5368220647607425 12.804559146917944 34 35 20 0.4773341513281199 26 10628 28 11224 27 12446
526 4.5384321081162575 -5.7344445023486301 10.836117433321395 98 92 74 0.5574140727248923 26 11371 29 8706 28 11229
527 0.40232268153149031 -8.0175909326354464 16.094649234447321 5 9 8 1.650099083158346 26 11362 28 11231 30 9374 27 13002
530 -1.7852287962085698 -8.496457153501856 18.447074385906173 78 77 72 1.53409376311584 26 10667 28 11244 27 12467 24 9705
532 5.5885832150248973 -4.9002924593415251 10.923318849925497 40 47 21 1.4816335274694232 26 11437 28 11271 27 12536 24 10142
534 2.0901597907600999 -5.2324263626999707 14.674296069910506 1 5 12 1.7905664547429725 26 11475 28 11303 24 10159
535 1.7186829333359419 -4.5086232361078356 17.274187150503039 179 121 102 1.7075506020871487 26 11519 29 8430 28 11334 24 10203
536 5.0281301112855585 -2.970726498440313 11.915163076330161 11 16 0 1.3401106854143274 26 10878 29 8821 28 11342 30 9954 24 9263
537 5.0277126488854247 -2.950282895513122 12.243420297040888 41 32 9 1.0982948652942861 26 11531 28 11343 27 13113
538 5.2027725611227309 -2.3611483537373372 11.453682390322955 75 77 74 0.8007616260162177 26 11546 28 11354 27 13125
540 6.1632228284060053 -2.2991898837121485 11.456909230117713 43 47 21 1.5529782214970325 26 11553 28 11359 27 13126 24 10217
544 0.74232671156521268 -3.045138304961756 22.179561835563746 145 126 110 0.54295058233229232 26 11581 28 11378 24 9898
545 1.754067060099094 -2.0995573468005557 16.610778374453005 189 131 110 0.99214442121207858 26 10953 28 11379 27 12696
547 6.4271204882598818 -0.91098373009819811 12.465798411042213 10 18 0 1.7989270157337343 26 11590 28 11390 27 13157 24 10246
563 8.3812880047936247 9.4743712511662999 21.562119285488265 187 141 75 1.9610958941487162 26 11682 29 8947 30 10051 27 13211 24 9983 23 9403 25 8629 31 9724 32 10182 35 9985 38 12318
569 -0.57980494915748026 -9.8323236032421129 13.962353480615484 159 195 222 1.448786531391854 26 11751 28 11493 30 10096 29 8989 27 12901 24 10041
570 0.75216192143315896 -8.6749141566317274 12.731864928012094 45 53 54 0.92787268505262777 29 9245 28 11497 30 10335 27 13293 24 10346
571 0.44454771021421313 -9.0651132477802374 13.326628936223671 68 76 77 0.31021205651079803 26 12023 28 11499
572 -0.31261189088279862 -8.2777405509916306 12.641482122707094 125 175 213 1.547655657831859 29 9003 28 11503 30 10113
573 0.46716014872367262 -8.7646546930116003 13.190966776121311 162 217 237 0.55478562023355027 26 11279 29 9004 28 11505 30 10114
574 1.3060381385221553 -7.6842969919775825 12.353441719063571 33 33 6 2.0340229467405644 26 11305 29 8651 28 11519 30 10130 24 8851
575 0.075703275653668509 -9.1697992893492373 15.497736085133079 44 44 37 0.69236875949395005 29 9034 28 11527 30 10138
576 0.075703275653668509 -9.1697992893492373 15.497736085133079 44 44 37 0.69236875949395005 29 9035 28 11528 30 10139
578 2.9093189122544114 -6.7657177821582479 11.38753064333593 129 139 122 0.64316519269898231 26 11794 29 9266 28 11532 30 10352
579 5.0147129408501669 -6.6626152367025915 10.73588761774281 61 55 48 0.99793653430569107 26 11795 28 11533 30 10142
580 4.7245417645461663 -6.4937184142219335 11.273850449596631 173 172 144 1.3377345454167588 26 11347 28 11546 30 10150 27 12988
581 2.308054613894428 -6.9824828861218489 13.163276655937681 34 39 41 1.1040896339494142 26 11806 29 9053 28 11550
583 -1.890738973242188 -8.1170905776043423 18.467114918443428 41 40 48 1.0686410743985084 26 11829 28 11568 30 10181 27 13026 24 10404
584 1.6491753200369905 -6.366617980667737 14.381990379227243 16 17 39 1.6601399571893178 29 9287 28 11572 30 10368
585 -2.5507491418193453 -8.243362758914305 19.83108831661934 64 68 77 1.6114108147159742 26 11837 29 9077 28 11575 30 10191 27 13040 24 10137
586 -1.4426259335077523 -7.1650594755154025 19.718615427079261 1 8 1 0.60627465513275436 26 11854 28 11592 27 13373
587 2.0634116330603671 -5.5282925318541301 15.067683878161141 6 17 0 1.7320330612057913 26 11863 28 11593 27 13061 24 10433
588 1.9784545815740973 -5.1807311610607556 14.801806391383392 76 86 62 1.2415816174734293 26 11868 28 11596 30 10376 27 13382 24 10439
590 -1.2366843039444486 -6.0707491861880376 25.651578127524616 72 73 67 1.5501550329287281 26 11897 28 11625 27 13402 24 10211
591 5.3870062267086514 -2.5739954814760764 11.957872483924943 76 78 74 1.3827881069487415 26 11543 28 11627 30 10231 27 13407
597 4.8794031318060043 -1.185635180514921 15.156107639554293 20 33 37 1.5721251613396658 26 11591 28 11652 27 13156
604 9.3014420941676068 9.0542176206148515 21.301442801726473 112 96 67 1.5560879446882168 26 11971 29 8944 28 11688 30 10437 24 10287
606 10.942937896554659 10.714031225118996 23.005577609115278 63 50 41 1.9699261561753862 26 11683 29 9208 28 11691 30 10301
613 1.5465413209373655 -8.832795556365701 11.89323145759314 40 39 15 0.86776557101618224 29 9395 28 11727 30 10328
614 0.21809713403674141 -9.0386757169571226 13.216708794782274 159 228 242 0.65497615667508746 29 9398 28 11733 30 10460
615 -1.4300597836760478 -10.577882294649264 15.978375069828965 65 91 75 1.8537350346836745 29 9247 28 11735 30 10461 27 13525
616 4.7767228377863749 -4.6720130993935953 11.164824250448138 52 46 48 2.2245386909146441 26 12087 28 11775 27 13577
617 -0.31039017744933228 -7.0222260115666337 19.527469024963896 74 73 79 1.0341343785087498 26 11857 28 11778 23 9742
618 5.3688491295158673 -3.2517505787574876 11.712013580713142 47 48 36 1.2306870045705955 26 11896 28 11786 30 10390 27 13400 24 10196
619 4.9639711252747478 -3.1175604649646544 11.712589623709901 36 40 7 0.94575972088194005 26 12103 29 9452 28 11788
620 1.8726361177888069 -3.6520910720213418 19.270908946459066 125 33 6 1.1929356771343282 26 12113 28 11792 24 10464
621 1.8726361177888069 -3.6520910720213418 19.270908946459066 125 33 6 1.1929356771343282 26 12114 28 11793 24 10465
622 4.388603303737022 -2.3412726351948749 13.505528503371558 106 106 80 1.3175494766415241 29 9151 28 11797 30 10240 27 13411 24 10224
623 5.541875460560572 -1.5268130599565388 11.042910276366904 38 39 22 0.83130566942793616 26 12117 28 11800 27 13601
626 6.2302848812322598 -0.99151651513550909 11.31254027225553 16 6 14 0.71171609520387025 26 12120 28 11806 27 13606
627 2.2849967725144102 -1.3123795072704421 16.468210061222123 214 146 97 1.6757337162171246 29 9327 28 11809 30 10404
632 7.4735264558061631 5.8756014602766014 20.581246284045374 74 49 15 1.2196463374345985 26 12153 28 11821 30 10529 27 13630 24 10635 31 10177
639 0.20916289458200643 -9.6870174917424734 13.699106061513275 66 85 86 1.3534417288575196 26 12199 29 9397 28 11856 27 13672 24 10665
640 4.7132240206541525 -7.1315954614419539 10.444536552012773 39 34 31 2.2626398086269379 26 12208 28 11866 24 10551
641 -0.3557770968613318 -9.0169783051912251 14.541118690716916 75 90 67 1.2732928054605719 26 12038 29 9406 28 11867 30 10466 27 13539 24 10354
642 -1.2139465413740032 -9.6074229717860327 15.899685224639446 178 218 243 0.52335248132526691 29 9410 28 11868 30 10467
644 0.27460040438285105 -7.2905345955187917 15.256077796382964 33 31 39 0.85116703460429299 26 12232 28 11877 24 10572
645 -2.501985694023082 -8.665332350737069 18.726023051298373 56 65 84 0.39918724248159282 29 9425 28 11880 30 10488
646 1.3722895993581752 -7.6008291717657412 15.89920749235363 22 34 24 0.6728473015635954 26 12234 29 9426 28 11881
647 3.9082770848931276 -5.6057305404073352 11.587131552433966 46 30 9 1.9266557327706337 26 12070 28 11882 27 13569 24 10574
648 1.7194653779846836 -5.3141630966203657 15.11027956087637 31 37 32 0.88491062416065647 26 12251 28 11892 30 10500
649 3.135738411241265 -5.5046260713967756 16.984748365014578 57 60 69 0.80534490236892786 26 12256 28 11896
650 0.12321900230397771 -5.2648622693517808 21.232103625412911 30 35 40 1.4212802972996101 26 12263 28 11900 30 10392 29 9318
664 -0.18073333099036867 -8.7215717176324929 14.471487928912099 40 50 53 0.63060079420796089 29 9503 28 11964 30 10560
665 5.2173100752904018 -5.1128813976031493 11.578016818691637 70 69 55 1.3266871375234111 26 12340 28 11976 30 10572 27 13793 24 10736
666 -1.6109975318600493 -8.270730958688894 20.192782943966652 0 6 14 1.014241739718712 26 12339 28 11977 27 13792
667 4.1361052854232936 -4.519588415245031 11.518604334261019 36 37 20 1.0527188876248916 26 12343 28 11978 27 13794
669 4.6908485849233266 -3.8560202345968118 11.737420397049501 57 58 64 1.7162597243454987 29 9518 28 11982 30 10573 24 10681
670 1.2977700325779253 -5.6437509874686542 17.800819909925103 42 44 43 1.4259547863312461 26 12347 29 9448 28 11983 30 10574 27 13800 24 10743
671 3.2960493606594508 -4.0585767083158473 14.861457260484842 47 49 20 2.263703884217136 26 12261 28 11984 24 10598
672 3.3877609207001198 -2.874677166144914 13.454058083172544 45 39 35 1.2153743096352532 26 12350 29 9521 28 11985 27 13802
674 3.946147239445235 -1.1939038685105641 16.946351056992299 132 67 62 1.0338849105084842 26 12358 28 11996
675 2.4877175848335193 0.25794171665149906 17.918933470941546 208 125 88 1.6608919321896529 28 11998 30 10591 27 13812 26 12417 24 10747 25 9369 29 9582
677 8.1340016901807548 8.3020718704771248 22.298219278353798 106 83 39 1.6686964326406413 26 12369 29 9587 28 12008 30 10597 24 10695 23 10004 25 9314 31 10355 35 10569 32 10775 33 10077
686 1.0165704748076454 -7.6633703832995659 11.660732237140925 71 78 68 1.6741267707028042 29 9565 28 12029 30 10614
688 4.569043147663681 -6.3416648977467709 10.590818211996506 41 35 44 0.23256348027965465 28 12036 30 10618 24 10730
689 4.2458476839060264 -6.3575662882246098 10.752913776935831 99 100 99 0.36655330562583766 26 12400 28 12038 27 13847
690 4.2458476839060264 -6.3575662882246098 10.752913776935831 99 100 99 0.36655330562583766 26 12401 28 12039 27 13848
691 5.1851987121112915 -5.7468131799413325 10.96242515871401 56 56 54 1.7937326363184805 26 12406 28 12042 30 10622 24 10734
692 1.4417273956577861 -6.7509569863166412 19.29498489257767 62 66 77 1.6763964847863655 26 12408 28 12043 30 10625 27 13853
703 -1.0542903893115894 -10.970525811300696 15.781583121933247 172 208 219 0.059038441766655438 28 4824 29 3371 30 279
704 -1.9894707946981376 -11.325387818564597 16.805763001016064 250 250 244 0.45969147293234197 28 383 29 292 30 366
705 -1.3489979219113444 -10.528014517239219 15.647497105778452 222 227 231 0.21982190764242979 28 393 29 298 30 371
706 -1.7555316502281089 -10.936608554354486 16.295247788773636 192 213 245 0.38952072822359129 28 398 29 306 30 380
707 -1.6530818668043301 -10.988030286595572 16.346526671117196 168 187 188 0.26581111805313623 28 399 29 307 30 381
708 -1.6937241425910605 -11.013069648619116 16.537290441837971 200 230 228 0.053981973098551239 28 430 29 328 30 410
709 -1.780839653624718 -11.256285035798275 17.053474544399808 84 134 198 0.36167863269096207 28 466 29 358 30 453
710 -1.8819274859220312 -10.186192698204971 17.847671906204479 157 179 193 0.4711510898744094 28 5332 29 802 30 1040
711 -1.1567926879594723 -9.1680071768694766 16.347759980722756 164 180 149 0.26577664437559129 28 1128 29 851 30 1102
713 -0.93061361989044766 -8.8205803796969402 16.074976169808963 143 155 145 0.18496658940137348 28 5445 29 919 30 1211
714 -0.48392286524860412 -8.2331406546039592 15.075937277759447 31 43 63 0.7725806030735427 28 1227 29 3927 30 1223
716 -1.5952092166951084 -9.6630738914374898 18.02961446377417 61 92 151 0.088636193170859093 28 1318 29 995 30 1308
718 -1.9057488228423263 -9.5053885683448129 17.968746889120169 192 216 226 0.078068070921224184 28 1346 29 1025 30 1337
719 -1.3742488763127965 -9.2401631498543484 17.443011518856597 216 222 240 0.16662099788074444 28 1352 30 1344 27 2112
720 -1.2843781779365466 -8.8644054686383651 17.028983846686536 62 92 135 0.23059228985894029 28 1444 30 1399 27 2197
721 -1.9567551448748119 -9.3818178505458576 18.191704591866703 139 140 158 0.093794364231338315 28 1475 29 1124 30 1433
722 -1.1607256411985387 -8.5950855689738876 17.115740371146668 206 214 218 0.039285337180287636 28 1605 30 1539 27 2370
727 -0.42698798932169774 -9.528902633672315 13.790936622610973 162 192 195 0.27687144878306186 28 4834 29 3376 30 4103
728 0.82878720296342379 -8.7238626789518747 12.611506920196376 168 185 201 0.40748779750529945 28 4858 29 5724 30 4127
729 -1.9389945249572174 -11.164763197002632 16.659909238187918 220 235 244 0.57996079460835992 28 4882 29 3433 30 4166
730 0.49121454612487103 -8.3003324132888778 12.577856376623114 179 212 198 0.50060594448139473 28 497 29 3479 30 4211
733 -2.6550639454447702 -10.510744120763484 19.106482698884705 188 210 210 0.48797632799408935 28 5423 29 3905 30 4729 24 6222
735 -1.7897175128836045 -9.9303407621411335 18.048659140685622 147 160 161 0.17323551330459885 28 5437 29 3915 30 4737
736 -1.8708486983094736 -10.012155975421631 18.473124020160036 32 44 102 0.67187757870858011 28 5481 29 3959 30 4780 27 6598 26 4790 24 4030
737 -2.0655759659669108 -9.7744278349952811 18.13220542110917 200 218 245 0.20111369277664456 28 5480 29 3965 30 4785
738 -1.3908103340336642 -9.4546483385764386 17.471029653843171 173 182 169 0.24066827605211424 28 1281 29 959 30 4786
739 -2.6060396816336633 -10.271082371790397 19.161832412083033 97 111 133 0.26452234459016022 28 5493 29 3976 30 4804 27 1984
740 -2.189068955671253 -9.8351694802355478 18.358321316596509 229 235 248 0.17131005273252078 28 5494 29 982 30 4805
741 -1.2526969563728634 -9.1455911033800028 17.191812570677442 59 76 120 0.12945161878565536 28 5530 29 3996 30 4827
742 -0.95530031406598659 -9.3010592685849414 17.504322130009442 44 66 85 0.40645884811073923 28 5551 29 6131 30 4848
743 -2.2581521894726042 -9.6782477279520958 18.54817793158659 155 179 201 0.18447441804022302 28 1415 29 1082 30 4870
745 -2.225316083632642 -9.5444633979444919 18.420096846575433 44 49 121 0.35389367111025072 28 5586 29 4047 30 4888
746 -0.93350649105730543 -8.7076996710269992 16.781809041869955 134 152 169 0.24161823495064694 28 5604 29 1117 30 4898
750 -2.6940538076504255 -9.5783459603302834 19.839605740703085 140 148 133 0.15764990958745065 28 5787 30 5068 27 6930
751 -2.7034379412003613 -9.644680220071578 19.966725320847313 140 148 133 0.4113947813662529 28 5788 29 1325 30 5069 27 6931 24 4300
762 5.163132858705004 -2.0940783115647097 12.918078821854319 166 164 131 0.90287320291985151 28 3719 29 5257 30 6289 27 4476 26 6395
763 0.12522262658222874 -9.9566525865550997 13.520472183862498 2 52 61 0.7320170259035147 28 7736 30 6713 27 9110
764 0.36792976668181837 -10.103082138665998 13.791522710527399 175 182 149 0.6251739213552614 28 7757 29 5646 30 6731
765 -1.4798985832299663 -11.11815464005095 16.305244886193492 146 163 159 0.29629452706489717 28 7839 29 5726 30 6822
766 -0.8502857934446586 -10.015373640407667 15.258044340485448 133 233 245 0.16529381677021235 28 7909 29 5775 30 6880
767 0.57051255006040402 -8.3362730989942779 13.025705242630387 145 178 195 0.36513625040049219 28 5027 29 5818 30 6942
768 -1.2361170646352955 -10.058930387591182 15.848908972228818 212 240 237 0.49584214794190706 28 7968 30 6949 27 9339 26 7084
769 -1.1270272298103967 -9.7448087523539346 15.501104264675389 180 189 212 0.55472347633678531 28 7988 29 5825 30 6966 27 6041
771 2.781757546590673 -7.3188342364990024 11.834638416260349 78 70 57 0.19418580506287397 28 8107 29 5915 30 7066
774 -1.9752891638511489 -10.581640776997416 18.705670571773087 197 206 208 0.33526073639319121 28 8212 29 6023 30 7170 24 6196
775 -1.1876085274750323 -9.6856303837969904 17.389622598637988 145 165 174 0.16647685149758992 28 9794 29 6050 30 7198
776 -2.5115735196203999 -10.036959276114436 18.429435469080673 170 188 191 0.76639672580171736 28 5449 29 3922 30 7220
777 -1.8900666146330962 -9.7005691340012881 18.111723142578505 207 223 246 0.46260044935951411 28 8299 29 6109 30 7250
778 -2.6139667484499829 -9.4807321129005064 19.696195008435865 72 70 80 0.66887238847809627 28 8466 29 6248 30 7381 27 9853
779 -0.65431039413821868 -7.897398136071458 16.39702328127883 176 186 177 0.094770929697506959 28 8472 29 6258 30 7386
780 2.3779753184869117 -6.1211570640564332 12.495782276182041 175 164 145 1.3847054747913303 28 8482 29 6274 30 7393
782 1.1525453120348848 -5.266655346936032 17.585462027339887 175 142 105 0.89716546492975413 28 10831 30 7772 27 11771
784 4.2673381361935974 -2.6335507819369002 13.749053913648916 128 120 110 0.56212883954933024 28 7015 30 7944 27 8236
786 -0.59260836396231931 -10.291226070572289 15.403126722602853 192 230 218 0.19453952813556177 28 7892 29 5759 30 8310
788 1.903766355401957 -7.1546125879857305 11.967876509622076 181 183 158 0.2625081288740303 28 9731 30 8423 27 11394
793 3.0669918258850117 -5.8845589441827517 11.734312843283632 51 42 61 0.64010091010138281 28 8462 30 8609
796 3.0647684320021744 -5.9728831880715578 12.144393466325543 31 32 23 0.46850693945800104 28 9923 29 7570 30 8628 27 9957
799 0.78994976828782282 -7.9538976978675286 12.554453635785983 193 223 229 0.43347256096875925 28 10561 29 8139 30 9238
801 -0.61287041224998307 -8.1823789440031671 16.736042510053856 8 26 20 0.79447713841289069 28 10703 30 9378 27 12441 26 10632
804 4.1383229489310409 -2.6050989255142865 13.328691520270885 19 10 2 1.1553893761668157 28 10890 29 7829 30 9559
805 -1.5668072381615914 -11.22632413239767 16.282598933804682 186 205 225 0.47789774637051879 28 11104 29 8603 30 9732
806 3.0238550496507282 -7.9963306005004506 11.383899671551577 35 33 57 1.1863715342688408 28 11123 29 8619 30 9744
808 0.95808808674452073 -5.2539702049411208 17.939481435430604 42 42 27 1.6897880164030201 28 11610 27 13088
809 -1.0772935929870489 -10.94019145336145 15.911921671952014 236 242 229 0.31765145479664869 28 11109 29 8608 30 10104
810 -1.0772935929870489 -10.94019145336145 15.911921671952014 236 242 229 0.31765145479664869 28 11110 29 8609 30 10105
811 0.42953798221141637 -9.1726818265607353 13.8716484672942 17 54 74 1.0802911120419236 28 11507 29 8631 30 10115 27 12925
812 -1.4285920350495593 -10.641950388389688 16.560328404456332 119 151 194 0.66579329118000985 28 11509 29 9011 30 10118
814 -0.53441680221068033 -8.3654592639899388 17.578571320218291 15 23 6 0.85142558084254871 28 11562 30 10173 27 13011 26 11378 24 10121
815 -0.90317426634813591 -7.868429664770864 17.653956058891918 21 21 14 0.87386808297120933 28 11567 30 10178 31 9553
816 4.0943836655482588 -4.7926168729489165 12.139562650359791 42 36 28 1.9755038342760094 28 11292 30 10196 27 13057 26 11850 24 9764
818 3.0351039167580094 -7.680370977337887 11.187909010506647 52 43 38 1.9177478693909407 28 11738 29 9401 30 10338
819 4.1194081562837539 -7.1996738952839223 10.381602517427631 72 73 38 1.5028238728703884 28 11864 30 10463 27 13538
821 2.0281974884177871 -7.2641425555733541 11.83454063649306 38 40 26 1.351319519344351 28 11965 29 9504 30 10561
822 3.9140210671068787 -8.5284683372392855 11.95979779103634 0 0 0 1.9100947504454773 28 12028 29 9563 26 12318
824 0.19764426533129184 -7.1151307085600832 19.749636755355279 68 71 77 0.40397675674104827 30 10624 27 13852
825 -0.78249320882681783 -8.9500289040183567 15.165587929158789 99 107 151 0.14964025624056362 30 868 27 1629 29 688
826 -0.45270540126065356 -8.6438474285435749 16.022869692849497 131 134 146 0.41927788088466061 30 4808 27 2076 29 3978
827 -1.2393823057195994 -9.1758533121741923 17.337273849412153 164 197 222 0.18265376968495514 28 1359 27 2121 24 4109
828 -1.2766805565309325 -9.1576880180932925 17.398010489817771 53 108 144 0.48247842725389978 26 1265 28 1394 27 2147
829 -2.7380990282304363 -9.1073211024686476 19.937216677180619 99 115 105 0.38398488791234692 28 5939 27 2687 29 1501
830 6.0850830682773127 -2.1599303229349549 11.092983700114026 103 103 87 0.57307976497469537 26 3260 28 3588 27 4382
831 4.8731302743498279 -2.3149805012615081 12.653262784708614 49 53 53 0.86508957928803898 26 6340 28 7028 27 4404
832 0.16676665105140373 -8.9639275092646322 13.214030316031961 221 242 234 0.22635898290202694 26 4194 28 4880 27 5882
833 -0.4427068446306236 -9.3036307565060614 14.782356862214987 22 48 64 0.21148395526323749 26 4357 30 4375 27 6080
834 -0.28461025224858527 -8.9579776204552992 14.656587028813739 142 154 132 0.49067813220962414 28 5148 30 4459 27 6210
835 -2.6518561972446464 -10.862930748995067 19.084610433170553 80 105 148 0.24358843033991087 30 4628 27 6381 29 3820
836 -1.7660028738419282 -9.2370501272833252 17.986603752785747 12 35 79 0.4163116101858671 28 8368 27 6780 24 6375
837 -1.5531573494590418 -8.7477566412295573 17.716714538789876 150 150 110 0.83808661215934654 28 5739 27 6893 32 5466 35 5159 33 1616
838 5.3540797686646817 -4.5115142275177398 11.436740761267025 4 0 12 0.61661149815056027 26 7948 28 8765 27 7607
839 4.7741008645608325 -3.3719621602210723 11.724972852856332 144 144 135 0.74028998420036374 26 8233 30 7809 27 7953 24 8262
840 4.3650092946040822 -3.019943824289002 12.495688647088931 149 159 125 0.50941523435689973 26 8313 28 6866 27 8081
841 5.9329548339926879 -2.4168431073134964 11.348510293667163 84 88 66 0.50787438496087345 26 6272 30 7922 27 8202
842 -0.94620180232453144 -4.3496392705929852 25.745507178138443 116 115 113 1.0266484066993751 30 6276 27 8284 29 5243
843 -1.0048221419926189 -3.4543179414801113 26.25235968419803 160 148 142 1.2064202211136652 28 7195 30 6352 27 8386 29 5303
844 6.3555051175423118 -0.61938014610049907 13.017904037294752 23 28 6 1.803016982335033 26 10103 30 6422 27 8495
845 1.0481092092973028 -8.5861770466487606 12.623107344095413 110 110 106 0.44409476110189194 30 8298 27 9293 29 5748
846 -1.2782996595972613 -9.3999124784746613 15.818222138773312 11 38 61 0.62084632897893288 26 9242 28 8093 27 9483
847 4.1589067230699284 -6.6076184825018887 11.369466114870098 119 115 95 0.48700896298663565 26 7473 28 8281 27 9752 29 7434
848 5.6634710380739071 -4.6034083343535546 11.415303730003926 13 32 31 0.29309507850914757 26 7936 28 8759 27 10201
849 4.2976086803803737 -2.5390271162107179 13.640236373894925 158 165 144 0.60299317140913655 26 8440 30 7952 27 10593 29 6814
850 5.8732137906494959 -1.8590694337307312 12.024544771418805 112 120 106 0.72562626196374591 26 8486 28 9142 27 10638
851 -0.97271885679877246 -3.9078483456315563 26.002374610655753 161 151 142 1.1214135811625774 28 9175 27 10639 29 6854 30 7999 24 8434
852 -0.82830881042806115 -3.2766361324011961 25.831783945335633 152 139 131 0.95625308918079199 30 8033 27 10681 29 5316
853 0.91492968786501117 -2.7149596446417847 23.171179074649487 163 132 112 0.81814326984512242 28 9214 30 8043 27 10697
854 -0.7158465743737128 -2.9085152993985295 26.159646663934854 154 134 113 1.2372251076035132 30 6383 27 10703 28 7228 25 7185
855 -0.6638741422982104 -2.5787114899254746 26.534814710741045 128 104 89 1.5610700435435314 26 8599 28 7253 27 10726 29 6911 24 8492
856 1.8414245682472359 1.8149439370550751 21.507295398233218 195 203 198 1.1264588176920429 26 8730 30 6478 27 10822 28 7396 29 5392
857 1.8391483331030261 2.7029554826248994 21.210046254488368 122 92 48 1.0938142817886307 26 8739 28 9332 27 10836
858 1.8690920111483833 2.7067458106366122 21.354863575046235 122 92 48 1.4408462779346065 26 8740 30 9052 27 10837
859 7.0949375389336948 6.9607874661910181 20.958877618321896 152 118 82 0.44035879360059732 26 8763 30 8126 27 10849
860 0.87814119303473892 -8.6598143979447979 12.807164378887252 161 181 170 0.3010043989429077 26 9123 30 8302 27 11248
861 1.9119378367223792 -7.17681598172772 12.003791907760359 196 197 166 0.23167814639156403 26 9316 30 8424 27 11395
862 -1.6671767246438449 -10.081521118575438 18.101239236000872 125 151 162 0.86054916350557131 26 9330 30 8497 27 11403 29 7420
863 2.3180872062959934 -6.4097275913313378 12.871772347427699 14 6 23 1.8951207821481575 26 9519 28 10706 27 11540
864 4.7327712052283468 -5.8939218566786451 11.335835333018547 22 11 2 0.34150882828484164 28 9904 30 8608 27 11548 29 7545
865 5.1524629743244601 -5.7935324320511405 11.028152771670062 129 125 124 1.0206628451094553 26 7650 30 8607 27 11549
866 5.3063537437645971 -4.3180702761779548 11.480433662487211 29 25 17 0.52044292087841315 26 9734 28 10051 27 11717
867 -0.42999319414017834 -5.9429540660747167 20.555985635461141 49 56 44 0.86012919741683902 26 10838 28 10841 27 11778 29 7758 24 9218 23 8844
868 -1.343305698637973 -6.5981595245388958 23.928147211629295 68 62 64 0.72610336426095401 28 10144 27 11795 29 6691 30 8855
869 -1.3328802279566734 -5.368723525284949 26.245450601443434 159 152 148 1.8109066559462108 26 9954 28 10893 30 8923 27 11878 29 7824
870 -1.1716090508376775 -4.7703727099773694 26.322646553982523 175 170 153 0.89301197206510019 28 10229 30 8944 27 11900 29 7838
871 0.89736839348750974 -2.8189391803831318 22.429959149348029 169 140 111 0.76503246176782957 30 8035 27 11944 28 9203
872 -0.57001799441774814 -2.8470934530010847 25.492059626651567 141 123 103 0.75441845672010843 28 10270 27 11954 29 6899 30 8044
873 -0.58087059415502473 -2.5698958518104322 26.053920060704414 160 137 121 0.5742569038904759 30 9009 27 11966 24 8493 23 8276
874 -0.63578278625500617 -2.3039153467003217 26.309138122447081 144 117 111 1.7241755220851216 28 10283 27 11969 30 8060
875 6.0545361992252715 -0.8420050237519392 11.74581177061004 155 164 137 1.1588818954308515 26 10085 28 9229 27 11976
876 6.0545361992252715 -0.8420050237519392 11.74581177061004 155 164 137 1.1588818954308515 26 10086 28 9230 27 11977
877 1.9117381217936669 1.668061771309546 21.363508000929357 206 228 246 0.42222270781846877 30 9046 27 12022 24 8547
878 3.1701471474078371 3.0871193709228542 22.210716318181202 187 173 142 1.4497025537852235 28 10982 27 12034 30 9057
879 6.90009779169654 6.7002420613455094 21.214059741390351 143 97 74 0.8888816206372997 26 10182 28 10335 30 9069 27 12043
880 -2.1879561906933538 -11.947396025379717 17.711109005392426 142 197 211 1.3710507850021527 26 10406 28 10503 27 12272 24 9526
881 1.4415692481678255 -7.7608438966585975 12.195179946581019 46 42 31 0.48085520762572576 30 9242 27 12332 29 8141
882 4.3333120978033426 -6.5377908840633898 11.22443827473268 52 33 9 0.67054093930654624 26 10572 30 9814 27 12397 29 8204
883 -0.068635562687194535 -8.3646166828254422 16.300602841841862 5 18 25 1.7359786060894853 30 9842 27 12418 29 8697
884 -1.4574006977767489 -8.5434483430034653 17.849465378499204 51 50 53 1.5430167736365634 26 9506 28 10711 27 12448
885 4.7354002240004149 -5.6952784150760216 11.092086155073842 2 2 1 0.89008656000960185 28 11238 30 9857 27 12473 29 8720
886 4.8060741393149922 -4.9061914502496844 11.484398509943192 21 22 20 0.92089059789438443 26 9670 30 9894 27 12545 24 8085
887 4.1075470514714594 -4.4891821078757426 11.937031709319898 15 13 3 0.72564960830757819 28 10790 27 12567 29 8364
888 4.1833668962316883 -4.5488232396820809 12.082058450643011 15 13 3 1.1274863711353744 30 9461 27 12568 29 8365 28 10791
889 4.5335020595101945 -4.0224978117275567 12.131786673783127 29 33 11 0.97294346046667701 26 10809 30 9926 27 12593 24 9789
890 -1.5486421105142336 -6.8020599965058803 26.035061834679013 190 175 144 2.0023161022644502 26 10867 30 9537 27 12626
891 3.5143652977114157 -3.3208534045207196 12.909209463367546 76 80 72 0.70422486937563067 26 10874 28 10863 27 12635
892 0.71127731612947309 -4.0894024134201841 22.183580448598804 80 69 61 1.7496909736597834 28 11365 30 9568 27 12667
893 3.8353134836936098 -2.2533053434823098 13.261483216272341 38 33 27 1.4077139936385958 26 11562 28 10904 27 12674
895 5.8600130981172436 -1.6419757714812562 11.614448706483874 23 26 1 0.80673880164881695 28 10919 27 12691 30 9589
896 5.5949428253392117 -0.91644840429305552 16.451103117372664 55 39 41 0.76769561098210881 28 10941 30 10006 27 12722
897 7.6804787990914312 6.6088506802723215 22.332764138546427 120 85 49 0.31716661700180249 26 11059 30 9655 27 12765
898 8.5083661308075058 8.4637319238468045 21.015985273930944 78 63 56 1.4930899495925833 26 11073 30 10048 27 12779 29 9206
899 -1.9708758215122189 -11.292980507479228 16.672914667277539 196 253 254 0.62265196874721929 28 11113 27 12914 29 8077
900 2.7766768505268478 -7.6831003984101907 11.538795973717312 35 27 45 1.1095816817731166 26 11300 30 9763 27 12940 29 8634
901 2.2360585979301999 -8.1241818906558638 12.385120720125627 20 21 6 0.76843534447975881 30 9770 27 12942 29 8641
902 2.2360585979301999 -8.1241818906558638 12.385120720125627 20 21 6 0.76843534447975881 30 9771 27 12943 29 8642
903 4.9682628088275074 -7.0826967970847603 10.983100565498201 29 29 20 1.3036473739951215 26 11316 30 10133 27 12956
904 2.7476335104092318 -7.0787664324939499 11.617427483610973 176 176 153 1.4262227992385219 28 11178 27 12958 29 9029
905 0.35503645902490144 -7.7906537914044947 15.025320019064479 3 8 2 1.6027298863061805 26 10602 28 11213 27 12989 24 8972
906 -2.3696224243547714 -9.1626666994737267 19.687267460977285 58 71 62 0.97451880566554783 28 11243 27 13010 29 8726 24 10122
907 0.80503393581241489 -4.7435323202986135 14.653579113909204 86 82 82 0.61835235402053013 28 11779 27 13078
908 5.5312042406519319 -3.7972085550262937 10.927479555538847 38 29 27 0.87276421830293105 26 11492 30 10205 27 13081 28 11603
909 -0.33154029812447078 -5.5775936693234982 20.325329045944514 55 57 51 0.28112732209263247 28 11330 27 13093 24 10197
910 3.36400392662217 -3.1814365132308948 15.61488518258308 97 16 9 0.037013301098563857 28 11358 27 13121
911 5.48981026905484 -2.3362195407216451 12.637380382889086 104 107 98 0.84399809115095648 26 11907 28 11363 27 13129
912 -1.0571064672895569 -4.1338809946303146 25.943501805130033 145 137 134 1.8590523388191165 28 11374 27 13138 29 8851 30 9979 24 10234
913 5.8965926547901439 -1.8041456147089285 12.167977205655511 12 18 11 1.4034549010989215 26 11573 28 11371 27 13144 24 9881
914 0.77823309884032266 -0.45651130900349035 25.48015616106353 162 136 103 0.4083882281277505 30 10016 27 13172 29 8885
915 0.14516327686167096 0.49455828363898385 26.362359893131682 186 157 123 1.9870505941565806 26 11625 28 11411 30 10024 27 13186 29 8896 24 9947 23 9612 25 8911 33 8966 32 9775 31 9316 35 9534
916 8.6609929890374779 7.5758411946697777 20.372659081323555 45 27 1 1.4486496394080672 26 11665 28 11443 30 10295 27 13203 35 10240 34 8993 39 11894
917 8.0748653326579145 8.6153096381728105 22.095777729080933 173 140 89 1.815461304338335 28 11444 30 10047 27 13208 29 8941 35 9978
918 0.75231149751981241 -8.6757369811349605 12.736033469239988 41 60 52 0.93152930430422254 30 10334 27 13292 29 9244 24 10345
919 0.3756043447498883 -8.5226711303678311 12.664057750531313 41 60 33 1.9141290506137618 26 11767 30 10107 29 9000 24 10050 27 13296
920 4.2190078699028062 -6.1488027452183278 11.347739761718854 181 170 139 0.53647655470465228 30 10156 27 13334 29 9057
921 5.1502673097329712 -5.6043235028230516 11.109249875775348 44 41 31 1.9841205676353344 28 11763 27 13349 24 10400
922 0.0017561703131528566 -8.2182039511778093 18.423537994667946 58 54 53 1.419989837040482 28 11768 24 10409
923 1.6671538307662892 -5.257463890869313 16.562458819997868 91 67 59 1.2962253269706163 28 11318 27 13388 24 10176
924 2.017777976443675 -3.3460683816480628 19.275683248894197 145 77 44 1.1747067715963908 27 13410 24 10226 25 8877
925 -1.0252318530269751 -3.8101968346198216 25.593834669479076 155 142 134 0.1900134652669295 26 11574 30 9987 27 13414
926 -0.59882327754587761 -3.2752980392295092 25.555973522475171 95 83 72 1.9081993888872437 26 11921 30 10255 27 13420
927 3.2335970693648508 1.7051386053453792 19.171276996088675 202 147 112 1.6771573525442303 28 11673 30 10420 27 13442 29 9348 24 10494
928 7.6174125126534982 5.4128716226021414 20.734965669902216 132 105 90 1.5084994429703156 30 10287 27 13450 29 9199 35 10237 28 11679 32 10604 36 11714
929 7.6266766553330898 6.2291828631432002 20.840012107943224 105 84 65 1.5755617813999083 30 10288 27 13454 39 11891 34 8984
930 7.6149322929995398 6.2280067569327544 20.830751290664423 105 84 65 1.7928322121609075 30 10289 27 13455 34 8985 39 11892 38 12596
931 8.5593139301856294 8.2112659161370356 20.932164229041376 77 59 49 0.19944802572199599 27 13460 31 9984
932 -1.7078059814682807 -11.041556168009379 16.255644473067481 71 88 108 0.63068719831446851 28 11731 27 13518 24 10540
933 -2.7625748586631373 -13.787468621298913 21.075979543376874 142 159 173 0.79085166656351769 28 11740 27 13523
934 -0.37621458259807616 -8.8901414706525959 13.724001400243468 35 49 87 2.1290451495862963 28 11860 27 13531 24 10545
935 -0.37621458259807616 -8.8901414706525959 13.724001400243468 35 49 87 2.1290451495862963 28 11861 27 13532 24 10546
936 0.59590628436675841 -8.0049686051548239 12.766900938625868 42 50 39 1.0500634719906785 26 12207 30 10341 27 13540
937 -0.042095251778716702 -5.00919438443412 21.293260996855015 69 73 57 0.76555343812657928 26 12109 30 10393 27 13589
938 8.2820551462870533 8.2817854247418978 23.20490114588581 151 121 95 1.4727612518230417 30 10531 27 13634 25 9313 23 10001
939 2.3988324264817957 -6.215566387978666 14.298100058988355 41 44 46 1.3574604946156537 30 10569 27 13698 29 9439
940 2.4590750625762365 -6.3341126503287652 14.538298305070915 41 44 46 1.6714950685295955 26 12336 30 10570 27 13699 29 9440
941 0.4090172239436789 -6.4545702652449162 19.246284408458596 44 43 39 1.7491753816430498 26 12255 30 10503 27 13705 24 10592
942 4.4924954294574171 -3.1502974080903665 12.560799045816458 76 72 70 0.857845434214067 26 12264 30 10577 27 13710
943 5.1162393026006541 -2.1583416669239095 12.403469939390702 38 39 43 2.5652249475339333 30 10508 27 13716 24 10606
944 1.9202416384405157 -2.934792915738198 20.591934991158116 189 138 94 1.9404117249997139 26 12271 28 11909 27 13718 29 9459 24 10612 27 13600
946 7.8259301738700282 1.8619688765518525 18.137914008113249 75 62 46 1.9139282236525974 26 12285 30 10421 27 13729 29 9349
948 7.3555009086013792 6.8027710516091284 22.373817546364233 137 96 68 1.1647967920247091 28 12007 30 10596 23 9999 34 9578
949 8.6007059921907878 9.3317293989624339 21.295559564651018 73 56 45 1.5573004907049981 26 12164 28 12011 27 13740 24 10511
950 8.6357422475458172 10.166692488855086 22.461461284197622 205 155 99 1.2686850778481684 28 11932 30 10538 27 13741 29 9478
951 -1.9524206743635593 -11.126797176068083 16.848779855891927 129 196 234 0.9837798241889848 26 12394 28 12027 27 13839
952 4.2310924038119611 -7.4234203988246401 10.965830275499526 49 41 36 1.0000941199407594 28 12034 27 13841
953 0.5066464895738455 -7.6356695423732184 16.557825990978106 4 8 11 1.5603885990221364 26 12237 29 9431 27 13692 26 12069 29 9283 28 11766 30 10490 24 10573
954 11.83615126145666 14.632033565165242 20.527183732868544 216 173 124 1.1161479791206146 28 11484 30 10080 27 13243
958 8.183007985697758 5.1084895759160975 20.703753236359763 73 51 55 1.1732961764154421 26 12288 28 11926 27 13735
959 -2.0084219806927113 -10.203371498073814 18.287666102334164 124 159 174 0.8950604006707833 27 1812 24 986 26 1046
960 -1.7601505034237861 -9.4086648418251375 18.192318583124329 122 148 159 0.55328500907379408 26 1309 27 2205 24 1207
961 -1.0492368577745748 -8.651151031731132 17.143361125331257 65 83 90 0.27455875510306826 27 2353 30 1527 24 1309 29 1207
962 -0.43082347232390583 -6.5569400771185711 19.636591318711453 69 75 71 0.13471720703166981 26 2581 30 5724 24 2215
963 -0.2987299542618066 -9.2522808427592462 14.547922550411197 75 80 125 0.34260862340195769 26 4330 24 3638 27 9361
964 -2.177670590726577 -8.7381401308873681 18.945506268291037 70 72 81 0.48070694876564496 30 1839 24 4387 29 1477
965 1.7447465781212337 1.8298679992124716 21.827226389131464 177 172 164 0.85043731318446536 30 3715 24 5487 28 4233 29 2935
966 -0.33553537663037253 -8.5675750665643111 14.39893678885033 16 11 50 1.2758122807485075 26 9256 27 9504 24 6130
967 -1.613141561378024 -9.8745352263682875 17.932639283398288 63 107 158 0.29170780755923503 30 4740 24 6243 29 3918
968 2.1277411864899656 -7.2925000134574844 12.716704514469313 116 120 95 0.063966260376749018 30 4686 24 6261
969 -1.5861002707150538 -9.5996552019997985 17.63758420917403 226 239 236 0.96163307399105247 27 9653 30 7229 24 6265 29 6087 26 7386 28 8280
970 3.6831246772594781 -6.4831931525288784 11.208380099905558 34 20 33 1.1182576640071531 26 9398 27 11453 24 6305
971 -0.9076126723743152 -8.7318183649533267 17.200299154616634 174 180 158 0.75223977494664263 26 7536 27 9808 24 6407
972 -0.9281986584759685 -8.618269705994468 16.992973376394225 174 180 158 0.92571794078292591 27 9809 30 4963 24 6408
973 -1.8061543720109705 -8.2155709494115179 19.483791681904211 157 163 135 0.34121655920967492 27 10060 24 6627 26 7775
974 5.7408270685961273 -1.5880718799876412 11.147147547731214 24 29 32 1.3034241063221232 26 8498 24 7143 27 10653
975 0.99399079688853398 -8.0762671701256057 13.886977099471546 108 107 85 1.0645436593510382 27 9603 24 7784
976 -1.0200633221400972 -8.9928962757872206 16.164366372253955 189 218 208 0.24246677722011412 26 9334 27 9624 24 7809
977 -1.190945177853787 -9.5729461627547394 17.360979106864271 18 74 108 0.10062965646733874 26 9348 24 7822 27 9637
978 -2.4709316751196608 -10.044122843965248 18.913376961224575 15 49 102 0.16020422067615336 26 7421 24 7854 27 9687
979 -1.1604980417520312 -8.8846478998385212 17.080626857876844 53 71 101 0.92865256415538722 26 7493 27 9762 24 7883
980 -0.43928505237888932 -8.1403758873520697 15.97545493664231 4 17 13 1.0371940009555565 27 9816 24 7906 23 7828 25 6659
981 -2.6437893474622705 -8.9114351442117421 20.834723897026318 68 73 66 1.0978399545049871 27 10031 24 8038 26 7753
983 -0.98550165314842975 -5.0245603111445138 25.6659912659421 147 146 144 0.37380771541744062 26 9972 27 10569 24 8375
984 -0.87668164969629769 -4.9635509349370359 25.526193161962365 69 68 68 0.60046900092913413 26 8429 27 10570 24 8378
985 0.090191065709060797 -2.9301629243334473 24.085119319794327 105 98 77 0.23452154567377359 27 10691 24 8464
986 0.79574067509330981 -2.589373342991613 23.538015294586511 187 160 140 1.1069173789043463 30 8998 24 8476 29 6902
987 6.0970838066976611 -0.63190071471086817 12.557523740660628 107 109 70 0.29766323052325072 26 10099 24 8505 27 10754
988 2.0125683635584335 1.7277494372852906 21.33723484854794 203 192 180 0.71865709759499019 26 8724 27 10818 24 8549
989 2.5454513740006108 3.333636271844854 21.945546362819382 151 129 140 0.38663016930948141 26 10167 24 8567 27 12037
990 7.1773830177768208 7.1171951334343202 22.159332356310273 179 148 102 1.7286703782382096 30 9070 24 8576 23 8341 25 5902
991 12.058555445488002 14.142790158693909 19.402406620944689 216 171 99 0.93654727200356847 26 11144 24 8681 27 12831
992 5.176300414922034 -7.0683801169126008 10.168051793152701 111 113 100 1.2021309412859651 26 10509 24 8847 27 12337
993 -1.9537261209455157 -10.841144927168536 18.317393454606282 3 27 56 0.50310207278880659 27 9476 24 8862 26 7214
994 5.1764799434027671 -6.2339085038399658 10.644361420784914 124 127 96 0.21946944333411009 26 10594 24 8958 27 12412
995 -0.4172173804915964 -7.9841077792870143 16.235897693666548 56 64 55 0.75062414972055824 26 10627 24 8999 27 11517
996 -2.0651670103476842 -8.2904278486246135 18.963892089683661 23 35 47 0.44666991952566787 26 9584 27 11599 24 9065
997 5.3567010621437436 -5.2235312924236492 11.18025319489114 127 125 113 0.53295216655254285 26 9622 24 9075 27 11638
998 -2.4352338708726013 -8.1209581794178511 20.245129372081774 35 53 36 0.45442487282944782 26 10735 24 9093 27 12530
999 5.559605585942653 -3.7753732417732264 11.335830941100509 151 148 133 0.33028217842201441 26 10817 24 9177 27 11758
1000 -0.8501898034804154 -4.6174629810140591 25.599242273498987 69 69 57 1.0137525809475558 27 12670 24 9309 26 10926
1001 -0.87355369695016838 -3.6707170820971342 25.841361677703109 110 102 100 1.4438658950816263 26 10038 27 11930 30 8011 24 9323
1002 0.50022052888772328 -2.9678616378183995 22.621086247023335 166 151 122 0.64763770033036872 27 11937 24 9329 26 10955
1003 7.7893991657314468 8.735392931328807 22.49589377771882 180 147 118 2.0485877176251743 27 12777 24 9409 26 10196 28 10346 30 8131 31 9366 33 9012
1004 9.5945598839280066 9.7819576113483944 21.030750761916135 119 99 70 1.2907167285206895 26 11085 27 12787 24 9417
1005 11.490325342754449 13.806204073711687 20.392542006674251 191 160 130 0.59897000085224905 26 11140 27 12826 24 9465
1006 11.597716162783323 14.555345983774254 21.126530432566923 172 144 124 0.47522429970555785 26 11143 24 9470 27 13242 28 11050
1007 -0.49591572085658092 -10.163763841548187 14.59368791614232 2 34 95 0.73993872812325689 26 11242 27 12912 24 9520
1008 1.0528193801084109 -7.5723512745841521 12.222377307569763 22 29 12 0.52528921179591881 26 11779 27 12948 24 9597
1009 -1.1448248853877221 -9.5839607243863352 16.324862148571576 9 39 90 1.2835707158351575 27 12349 30 9284 24 9604 29 8170
1010 -1.0847622251636058 -8.9714201775362739 16.835533722688005 7 61 89 0.50127881021878684 26 11337 27 12977 24 9652
1011 3.5556153361760741 -6.436561738432693 11.386536241225325 35 27 17 0.58251493850760327 26 11346 24 9659 27 13330
1012 -1.6598796953415611 -9.3196651989074102 17.926361174192373 162 182 199 0.75688284207742518 26 11343 27 12399 24 9660
1013 -0.64648024929957348 -8.6389216942943445 16.44010043087297 2 3 17 0.51289287725927679 26 10581 27 12400 24 9662
1014 -1.5478446810868276 -7.8703201884993987 18.450863595162375 137 137 141 0.81684304900924765 26 11423 27 13038 24 9732 25 8430
1015 6.1321803229298295 -4.5423541361524231 10.529067290225417 48 58 76 1.7526347009291754 26 11453 24 9755 27 13053
1016 -0.45095668821290036 -6.2362987715436606 20.406100894352182 31 42 24 0.90302525054797667 27 12595 30 10212 24 9798 29 8798
1017 -1.795495156098416 -7.559770889207055 24.745391349136511 61 67 55 1.125910034175045 26 11496 24 9800 27 13084
1018 -0.47849566184757802 -5.9444673557991905 20.072329021805665 74 74 78 1.1885863950597824 26 11502 27 12600 24 9808 23 9298
1019 4.9504139981984441 -3.5678068417527435 11.849289626174127 35 38 24 0.53292029542555264 26 11890 27 13092 24 9809
1020 -1.4976592121841723 -6.8951499578364137 25.562118246623577 87 79 62 0.70534272374822538 26 11516 27 12618 24 9824
1021 4.8274056456919583 -2.4178526428801859 12.602055249398122 71 73 68 1.1151745763693386 26 11554 24 9865 27 13409
1022 0.23854009513917462 -3.3965668314036059 23.734435067185434 96 89 62 1.9299477030379342 27 13146 24 9895
1023 -0.24171704422742221 -3.23715277782799 25.079719079904557 71 63 31 1.7844343781690586 26 10959 24 9904 23 9600 25 8887
1025 6.2535790950095294 -0.67692590829700272 12.583674259079 18 17 15 0.93918380265755241 26 11598 24 9918 27 13160
1026 7.0095190200833626 6.7047535536682492 21.922903057870244 133 90 54 1.783043705262181 26 10180 24 9971 23 8978
1028 12.287355200203535 14.808299840741014 19.236963585699268 232 194 125 1.8193578453981389 26 11152 24 10019 27 12834
1029 -0.41733398372477759 -8.8150144872874705 14.575390320808436 179 179 169 0.5496163793198291 26 11304 24 10067 27 12339
1030 -0.52580824124713732 -9.1129431565611458 15.098066946444174 41 40 52 1.1725800347532074 26 11778 24 10068 27 12947
1031 -1.0526150904306832 -7.9287461708793536 17.080887620766205 5 18 30 0.37913198792961716 27 13015 24 10123 23 9531 25 8810
1032 -0.12981022134199424 -6.5158706539701683 19.058638226919715 44 45 39 1.3090064274598525 26 11870 24 10162 27 13070 25 9056 23 9745
1033 5.2202912540223725 -4.0313292610188407 11.451163960682072 61 59 41 1.2776418132601788 26 11878 24 10168 27 13583
1034 -2.3014646360580757 -7.6864405934264814 25.650011269556867 142 140 124 0.93205341109766915 26 11500 27 13086 24 10184
1035 0.21225066164198947 -5.5899901067443976 20.16214909080125 28 33 34 1.5632009318439115 26 11894 24 10194 23 9759 25 9075
1036 2.2283742097563488 -4.5042645042912959 18.100672693539789 199 158 124 1.8618149720167301 27 13101 24 10205 25 9207
1037 0.40955799304391965 -4.7856320877562837 21.421294886516364 120 117 104 1.3196157795741508 26 11901 27 13404 24 10214
1039 -1.2430628272740185 -4.2953486667260856 26.407392604394769 141 127 117 0.19790678125895592 26 11572 27 13135 24 10233
1040 0.58741837099639271 -3.2790623967480528 22.763463941162033 85 63 41 0.72536914168915256 27 13145 24 10239
1041 6.3557905734954367 -0.56755341982468677 12.524724948962144 44 58 39 0.46231945018054516 26 11931 30 10265 24 10250
1042 10.18143887260352 11.00459488997101 21.714450343988396 152 125 96 1.8015529253741136 27 13468 24 10298 23 9816
1043 12.401189647048659 14.164826120241729 20.562439030752191 199 137 80 0.99282836317156142 27 13480 24 10312 26 12182
1044 12.401189647048659 14.164826120241729 20.562439030752191 199 137 80 0.99282836317156142 27 13481 24 10313 26 12183
1045 4.2908314011243718 -8.1883778606457529 10.258502318074035 128 135 115 1.8309086142758277 27 13280 24 10330 26 11750
1046 5.2433925476466765 -6.8820521802693344 10.255797495710119 33 29 3 0.60755081703061131 26 12043 27 13547 24 10364
1047 -0.70092578788048232 -8.4598595263898044 15.820481338276043 129 137 139 1.1730059498535519 26 11800 27 13326 24 10376
1048 -0.57673143432907692 -8.2021774888239882 15.938424548710085 120 131 106 0.75489310345348426 26 12062 27 13556 24 10385 23 9848 25 9181
1049 5.5164465158780835 -5.5035312737494371 10.754561454252965 20 30 9 1.0706008538276999 27 13347 24 10401 26 11826
1050 5.6094695790656539 -4.8937326562160406 10.756819707302526 147 139 126 1.7631893148756195 26 12079 27 13574 24 10419
1051 -1.8103477871596565 -7.7787176778345986 19.830556919049158 79 81 64 0.5438525339737883 26 12085 27 13365 24 10425
1053 4.95401189590459 -3.1032599957948346 11.69630925131885 46 52 49 1.4517321545786925 26 12104 24 10455 27 13709
1054 -0.87666706294947139 -5.5000808386150926 23.977961108424211 53 54 59 0.61700534393986184 30 9962 24 10459 28 11347
1055 5.7805424251030848 -0.52812717640053919 16.316434716203553 102 78 65 0.095298784886437282 26 11932 24 10486
1056 2.0765805189142172 1.6155207081749958 21.462710079636434 248 249 253 0.97060750763444459 26 12139 27 13623 24 10492
1057 8.5805587813897599 9.3322508734946794 21.268847733360509 80 62 14 1.1099516226843387 26 12163 24 10510 27 13739
1058 0.92950599541350143 -3.9168846281474816 21.667622452245823 156 133 112 1.7668534807703828 27 13595 24 10607 23 9896
1059 0.44706148299553339 -3.7013367422113439 22.487645274323075 72 61 41 1.3846431730448472 30 10398 24 10608 29 9324
1060 2.0265768867550711 -3.0720473709135829 21.009102976672061 192 147 91 1.44795778653943 26 12270 24 10611 23 9989 25 9306
1061 2.3040401048682786 -0.095950522699407945 20.111439919361235 215 178 158 1.1659608029974344 26 12129 27 13614 24 10621
1062 11.640215542663123 11.93702847077533 19.879086161560391 166 144 108 1.4304695217511538 27 13750 24 10649 28 11941
1063 9.010221328650152 17.462089731652256 31.762809844323531 200 167 130 1.6020081479416881 26 12178 24 10653 27 13474 28 11702
1064 12.236061964626078 14.585628214771409 20.973720397814496 223 178 111 1.1573567811259633 26 12307 27 13757 24 10658 28 11945
1065 10.66279221388819 21.241393025584607 34.665259512160439 77 55 47 0.78922845928019958 30 10451 24 10659 29 9488
1066 4.0960379155137767 -2.7131237365313701 13.79862291566606 95 95 71 0.67427349149155358 26 12355 27 13805 24 10687 29 9524
1067 9.0945447295496518 9.275149897793856 21.165933531591591 142 130 107 1.8271620403192665 27 13818 24 10699 29 9546 23 9930 25 9244 31 10361 32 10832 26 12373 38 12998
1068 11.867519180289873 13.472702733933017 20.388308855767093 221 181 93 0.90990855507028401 26 12439 27 13883 24 10707
1069 3.3458689329277771 -7.1958086547608699 11.139885666270667 39 32 19 1.2133912697544176 26 12396 24 10726 27 13844
1070 -0.22739535980681042 -8.3206164195890722 14.802785484871489 64 74 79 1.4149311932165911 26 12397 27 13845 24 10729
1071 0.65114846236246848 -5.0321183366753042 18.351631447018658 25 24 25 1.2139611352157142 26 12411 27 13855 24 10745
1073 -1.2127322469385307 -3.8575221046032286 26.075578155124166 130 119 117 0.98585627331977332 24 7165 23 5536
1074 2.4165498802978855 3.3520710467013499 22.101930946400959 189 164 128 0.79604867863918705 24 5498 23 5654 25 3419
1075 1.0261915639503072 -2.1659726943702013 23.099625985833537 181 137 100 0.7696276596853977 24 8495 23 8275 25 7190
1076 -0.91180347082491597 -2.1549928389045454 26.30030349380646 185 158 137 1.4933962175633761 24 8510 23 8280 25 7207
1077 -0.91180347082491597 -2.1549928389045454 26.30030349380646 185 158 137 1.4933962175633761 24 8511 23 8281 25 7206
1078 -0.83290163918127358 -1.8780088810186284 26.285365775656981 193 163 137 2.302166205940209 24 7229 23 8288 25 7215
1079 8.048920017937661 30.210224435697459 84.057995563893641 169 153 183 1.2224233574418679 26 10205 23 8368
1080 -2.9849143280032315 -9.1260708084386426 20.293288769333618 42 50 70 0.40212167339444277 26 9551 23 8702 27 11563
1081 -0.035343826074872457 -5.8061805113845031 19.989959020310092 33 35 32 1.1421589254625868 24 8256 23 8842 25 7955
1084 8.5460416474205019 9.3705395508272851 21.900404591459679 126 86 45 1.5351161403171747 26 11679 23 9399 25 8626 24 9412
1085 14.734891794862826 28.441060516987001 79.298974502427882 120 114 136 1.4831712859444874 23 9637 27 13209 28 11445
1086 8.8611502203126022 10.091845228738782 22.039617392607568 104 74 50 1.9133079434370235 24 10516 23 9641 25 8935
1087 9.5841597720774718 34.949703858291137 80.621271661690258 89 90 108 2.4244627982413598 23 9648 27 13226 29 8951 28 11457 31 9723
1088 4.5923839966493656 27.345663820241604 63.907181638592036 112 111 131 1.3013531127831763 24 10304 23 9650
1090 -0.38930805041941713 -2.6213450229540576 25.413655591937516 107 88 81 1.6797704821266368 26 12121 23 9776 29 9166 30 10256 28 11651
1091 14.083738965768328 33.551064103091463 79.828418015556906 105 105 131 0.86282475979081674 26 12172 23 9818 27 13640 29 9367 28 11827
1092 7.9658891407939176 34.680969801789786 86.02920675227216 74 67 100 1.1688881920557437 26 12170 23 9819
1093 8.7109102067492312 36.423466733455271 81.63998833674377 107 108 129 2.2553973729758856 23 9824 27 13642 29 9369 31 10181 35 10402 34 9468
1094 8.672786986796611 38.04796842236032 82.744143203803631 87 85 107 1.5019025412120912 23 9825 27 13644 31 9987 35 10403 32 10613 38 12794 26 12177
1095 -1.3728698488390358 43.940895207300343 86.041367507780336 110 99 123 2.1869100171203386 26 12181 23 9828 27 13649 33 9740
1097 -1.1621835747448575 -5.5150290975000287 25.384857152557885 97 94 91 2.4883463823264833 24 10602 23 9986
1098 10.939056564997898 22.861577547047119 67.934530421879003 136 130 156 1.8410455071693823 24 10696 23 10006
1099 11.51340100257058 34.565493367543191 65.205316272977342 32 45 52 2.7123147126614291 24 10706 23 10012
1100 10.206800477745206 30.427894731037696 86.038052762301476 97 88 117 1.0703735893022026 26 12424 23 10054 27 13871 28 12060 29 9586
1101 12.070856491254938 30.305888011452666 83.127189276836063 152 146 180 1.0469552030756684 26 12425 23 10055 27 13872 29 9589 28 12061
1102 10.561905154819634 11.916332711195759 21.860066603364796 134 105 73 1.7587588625417865 24 10766 23 10056 25 9380
1103 1.8106563705004373 34.758157594065707 83.885737530145491 103 94 123 1.6456900239981207 26 12432 23 10057 27 13875 29 9592 28 12062 34 9694 39 12347 31 10412 36 12126 32 10829 35 10627
1105 3.8466012294171947 35.540303025451024 83.714818686343122 133 130 149 1.5554792914780511 28 12012 29 9547 31 10358 35 10575 39 12295 23 10059 36 12078
1106 15.588787831486027 37.939144349922984 79.750389438316887 96 98 111 1.5942881904063984 26 12377 23 10060 29 9548 27 13821 28 12014
1107 14.880547130877945 44.950128881974521 81.197875430951512 131 141 104 1.6698652251465684 26 12440 23 10063 27 13827
1108 5.2590698737407342 32.898744316640752 87.399536364719836 151 138 165 1.551745979333025 23 9011 28 10358 29 7951
1109 -2.4617562878621682 42.286592011017582 87.159063552524984 144 135 156 1.7362380729759794 28 11701 29 9212 31 9990 33 9469 34 9275 39 11897 36 11726 32 10186
1110 -2.7081302685497572 38.793536209998265 85.323408973505906 142 109 102 1.9422599745290534 23 9942 28 11935 29 9480 31 10281 35 10491 33 9999 34 9584 39 12227 36 12015 38 12925 32 10706
1111 -0.53821559235979244 -8.1645381594512152 16.014375607186206 49 53 70 0.17442456850327287 23 4048 25 1315
1112 -0.54779606926520596 -8.1197695977508477 15.872965061613808 177 180 162 1.3069007618090858 24 7898 25 6649
1113 -0.44979163013425483 -2.2218237515812143 25.283142217421329 159 142 111 0.60625030925595247 23 8940 25 7200
1114 0.83141875419447964 -4.9486783515910711 19.315616214964301 69 55 44 0.87205185623863746 23 8171 25 7986
1115 5.7282598573354244 -1.2431506231139278 16.770364874524848 40 10 0 0.26816909905253672 23 8933 25 8067
1116 0.066418483275929724 -2.4730839814385899 23.653489316954285 139 124 105 0.7684590769042543 23 8270 25 8072
1118 0.98274804968527496 -5.3011483946395694 18.164820607412185 50 57 14 1.5001261820755685 23 9300 24 9212 25 8495
1119 0.63719633948149723 -3.5500581256100552 22.695338012751442 136 119 103 0.067044296636045192 23 8904 25 8552
1120 -0.53257764288950316 -3.4681400321070703 24.182175629984485 64 57 22 0.0255470205501808 23 9598 25 8555
1121 -0.39077653632861781 -2.9663136299068227 24.303175040182783 69 60 45 0.41101995266897517 23 8919 25 8562
1122 -0.072908501119837377 -2.3064972739477811 24.702947127496049 68 53 44 0.21792702377691242 23 9350 25 8572
1123 -0.43267281629490212 -2.1679507700340803 24.551584160707844 90 73 57 1.0652758438105914 23 9352 25 8574
1124 -0.64073924995736931 -2.6844587940471101 24.483360410365339 78 72 35 1.4676310425052335 23 9349 25 8890
1125 9.1088228935993936 6.6791205979222426 22.436728011301359 109 91 79 0.43081152917907273 23 9800 25 8919
1126 7.7898625459093873 7.6460326627904251 21.167500139555081 57 46 1 0.050097950021113974 23 9804 25 8927
1127 10.204640220576367 12.146785994542059 20.671600184429913 211 170 126 0.66838124969879931 23 9652 25 8948
1130 10.011505989864721 11.029518221749115 21.975143252218718 133 99 71 2.5497476910841628 24 10296 25 9128 23 9815
1133 0.39910644729231909 -3.5510276815612412 23.501345360372991 141 127 116 1.7171527692900463 23 9899 24 10472 25 9219
1134 2.727274037386719 -2.326291624455493 20.166568836526061 195 161 126 1.8110742850093029 23 9991 25 9221
1135 7.2805755859176919 6.4508136961032374 21.407736711354342 102 75 59 1.7471318149745945 23 9998 27 13736 25 9237 31 10352
1137 22.502805274312394 59.4008448462329 117.12433364549996 70 76 80 1.2202537410179197 27 13749 25 9260 26 12303
1138 5.7390804396899 47.534373654973805 95.675576091367162 94 95 113 1.7572295688302697 25 9328 31 10182 32 10618
1139 0.21305021794114692 -5.8646580735619294 17.906744557426464 29 33 37 0.55422175796043638 23 9982 25 9357
1140 4.8499066948649023 -1.1113652841588304 17.989853528929928 168 117 88 0.60031241063568386 23 10043 25 9365
1142 2.6528443595192002 2.6414798230850174 20.968570538663307 171 126 103 1.2420730883358229 23 10048 24 10751 25 9373
1143 4.0195417924509806 -5.1728664570074727 12.138187912418353 87 92 78 1.8852657472668448 23 9252 25 8439
1144 5.831236462009838 -4.481579411224315 11.194153640302728 7 9 9 0.985876628129565 27 13579 25 9047
1146 20.373527422418128 38.826980669468419 81.140545573707655 131 128 141 2.0217553008594957 25 9381 27 13745 26 12300
1147 8.8256297080486057 9.6684224281464157 21.753299516677309 80 62 22 0.20998235026369916 23 9809 25 9123
1148 8.8256297080486057 9.6684224281464157 21.753299516677309 80 62 22 0.20998235026369916 23 9810 25 9124
1149 2.0144483393855208 -3.0873788296151035 20.975388302711082 196 145 102 0.15081581401451349 23 9990 25 9307
1150 -1.2392746207387078 -8.8115010455828191 17.406540476600451 64 58 60 1.3404602240721697 29 4107 31 1555 30 4953
1151 -0.57866237263474196 -7.4928838669310132 12.672625359173074 45 56 65 1.4575871245823862 27 9503 31 4320 26 9255
1153 -0.26766990478472985 -6.615436818160477 19.464745946899431 127 125 110 0.64882608213504778 30 5710 31 5052 29 4812 28 6537 35 2608 32 2840 33 2359
1154 2.4730271034397862 3.0742164322387286 22.441016996224008 208 188 163 0.74797166104410662 29 5406 30 6492 31 5724 32 6729 33 3287
1155 2.4004317842789265 3.148058021600137 22.319616604711925 140 110 89 0.85578811179648551 30 8108 31 5726 28 9341 29 6962 35 8057 39 7323 36 7554
1156 1.7176422272180187 -4.2359931796381618 19.678387620909692 172 84 36 0.12489699988455086 29 6783 35 9432
1158 8.4532489507639976 10.26157956305968 21.822367395808698 167 111 51 0.98826167046938662 27 8649 31 7683 26 6677
1161 0.50113004694649554 -1.4079483805986408 25.252649621373614 141 106 79 1.3754560400051268 30 9620 31 8613 32 9227 35 8919
1163 7.6626360138469556 7.1958062478474307 21.362189442566759 154 118 77 0.80013407260192093 27 12045 31 8680 32 9280
1164 7.8343714332769299 8.4402830815751564 21.885087726261094 140 82 3 1.3497911150229001 29 7950 31 8684 30 9075 35 9008
1165 1.6000018327444254 -6.6972946963901396 13.211652554281692 39 34 40 0.90162787773676734 31 9053 32 8959 35 7408 33 6763
1167 8.9809229771505965 30.644006514082406 86.881116789033157 164 135 144 1.823713909515954 27 12780 31 9361 35 9004 33 9008
1169 1.9091351229997366 1.4266536917100283 21.277140083683115 179 125 88 1.9724560350887597 29 9345 30 10278 31 9706 28 11672 32 10150 35 10381 34 8965 38 12777
1170 7.7420352511692965 7.5913508650555164 22.047073263800534 111 75 41 1.5535320129307135 29 8934 30 10044 31 9720 34 8988
1172 8.2022116427479954 45.014800528717416 76.787242002783572 68 57 43 2.165728428459968 30 10315 31 9749 34 9018 35 9599
1176 2.7170377400993471 -0.21892465923411542 18.090094930579919 200 109 51 0.69205541968896134 29 9180 31 9958
1177 7.6799337257501428 3.862174801431614 19.754379333482611 85 49 16 1.9335558245696576 30 10428 31 9979 28 11678 35 10236
1178 7.720613317466249 5.9692434581757494 20.425491440601512 118 87 67 1.7286397569557213 27 13452 31 9981 28 11681
1179 7.8366357809922684 5.9557236555299076 20.472730250775555 118 87 67 2.275601214755226 29 9356 30 10432 35 10238 34 9262 39 11890 38 12594
1181 10.065029520213727 23.986311052574049 57.17746311668494 126 111 118 0.494765279730563 30 10438 31 9985
1182 8.4981209251385579 51.691144646460955 88.654304039849976 46 29 19 1.5018476296537493 27 13651 35 9997 32 10200
1184 -0.091671748777011189 -5.7120261467758278 21.598809187492833 77 70 62 1.631725925615509 29 9451 31 10116 35 10338 33 9831
1186 -10.231187117449497 49.675025641911169 83.085448118703255 86 64 59 0.014970115924709666 27 13764 31 10189
1189 2.6897847384131777 2.5829497425344323 21.693259785224974 183 113 71 1.4674385646708461 30 10524 31 10269 28 12002 39 12287 36 12072
1191 14.297755355467421 39.362668390630525 77.686413992239565 81 72 77 1.9292899530336931 30 10541 31 10283 28 11837 35 10494
1193 9.4640944427418745 9.0414156742739085 20.538019286271158 75 56 39 1.8895387375047974 29 9593 31 10362 33 10086
1194 -2.1799824096979519 41.412195112348698 86.886225781808278 150 124 126 1.6667472422356533 29 9549 31 10363 28 12015 35 10576 33 10000 34 9649 27 13822 36 12079
1195 2.5407781209866025 41.58880277820839 85.73854581875753 126 109 117 1.9232701246362376 29 9550 26 12379 31 10364 34 9650 38 13000 27 13824
1196 -3.12049208733387 44.093269519960835 85.223396067712073 158 138 140 1.9110838226899922 27 13826 31 10365 29 9552 26 12381 35 10577 34 9651 39 12297 36 12081 32 10783
1199 12.896135116895294 37.295140777765702 78.58800891617156 27 4 5 0.9948347328229451 29 9595 31 10415 28 12064 27 13880
1200 -3.9152418909516906 42.685811968282955 85.966490081204029 77 65 50 1.8975587549465109 27 13881 29 9596 31 10416 39 12350 36 12129 38 13071
1201 7.933745727708815 8.364713941546281 22.507867113383728 80 63 42 1.9181183037469518 27 13205 31 9721 30 10296 24 9978 28 11686 35 9976 33 9461 36 11018 39 11125
1202 2.6592285065312025 1.1158995280384445 18.980953671714275 230 189 162 2.4656652841209881 26 12282 29 9469 28 11920 30 10521 27 13724 31 9972 23 9995 24 10693 25 9370 35 10228 32 10403
1207 -9.0995259210193602 49.806334877968808 88.546612644827505 152 131 131 2.0316470324932001 35 10497 33 10003 29 9486 31 10286 34 9587 39 12300 28 12018 36 12017 38 13008 32 10710
1208 -3.6059943507239614 -10.504045910894815 18.22953994054329 207 203 177 1.3311392261111927 31 1162 35 1335
1209 -0.39353371175596585 -8.2876029853708442 14.075833630485693 87 90 107 0.48724450140365771 31 1214 35 1410 32 1583
1210 -1.5010571858988608 -9.1025150563497839 16.707270552106078 207 213 210 0.71806671402965494 31 4410 35 1564 32 1736
1211 -0.86362162999715475 -8.4147734642267835 16.044865072411028 22 23 34 0.17156778542620135 31 1499 35 1683 33 1504
1212 -0.66435739676840255 -7.8741278178894278 15.672733657759935 152 157 153 0.39743753433267787 31 1606 35 1814 32 2034
1213 4.8906590603706732 -6.1097972875729516 10.937434684010434 78 55 22 0.64540366631072865 31 1637 35 1861 33 1628
1214 4.2589547708015507 -5.6308435775110421 10.603869459894899 91 78 53 2.4489174298084944 31 4709 35 2014 32 2250 34 7446
1215 -0.88992897857689068 -7.1396082706892301 21.123952796908792 40 26 5 1.6923063572404677 31 2280 35 2589 32 2819
1216 0.53410007318122921 -4.6673417440507929 20.474134874062123 111 96 80 0.82237783278439036 31 5330 35 3019 33 2735
1217 1.8036618864880549 -9.2691171280803726 11.272315654205537 45 49 67 0.4106929960013615 31 3662 35 4287 32 7213
1218 0.84525389454126409 -8.5101616215572431 11.964215891979313 74 92 99 0.24672121328379726 31 876 35 4574 32 4884 33 849
1219 0.92484672136439194 -8.4320767466428066 12.18529945658547 66 79 73 0.2340568240529215 31 4034 35 4618 32 4925
1220 1.3186618054184769 -7.5778104766951513 11.998256203821262 146 137 125 0.68039493151132446 31 4230 35 4810 32 5118 33 1125
1221 0.64479799830233853 -7.814963988722849 12.559891240305339 147 141 130 0.84741521016385324 31 6592 35 4814 32 1496
1222 -0.44460389073003026 -8.4549402135644147 14.516985665168329 208 213 215 0.5406183220878541 31 4325 35 4883 32 1605
1223 0.032045226122413568 -7.990788598727109 13.816205122440348 47 37 44 0.74922479598547598 31 6668 35 4920 32 5238
1224 2.8499665929186655 -6.7375397986987666 11.071444962196278 62 37 14 0.9802486228679369 31 4387 35 4941 32 5258 33 4460 36 1587 38 5026
1225 4.3608613336783408 -6.7296018191543734 10.961286929082565 91 76 44 0.82347156854202586 31 1356 35 4965 32 5279
1226 -1.2229917130594461 -9.0747553392235805 16.723377257943067 127 138 132 0.62889817539811255 31 4429 35 4989 32 5296
1227 -1.1830073274120332 -8.7708175966566397 16.398671846140992 206 206 196 0.42382879682618213 31 6742 35 5018 32 5321 33 4549
1228 4.2934792172614626 -6.2639304367011706 11.0539016463139 90 70 58 0.391509399084573 31 6834 35 5129
1229 -1.4025853468948359 -8.3931609469965736 16.911101637974546 141 132 122 0.33352546183703552 31 4578 35 5160 32 5467 33 1617
1230 -0.48014443831031584 -7.7906657397613612 15.566308857757209 94 95 88 0.48400873270924577 31 4595 35 5180 32 2057
1231 -1.4953720698872768 -8.2373774846957861 17.022471785754494 41 40 37 1.0283252217408076 31 1647 35 5209 32 2100 33 1687
1232 -0.6865690103724772 -7.6294763262100744 15.929598591403709 77 69 75 0.80671693525430077 31 4676 35 5268 32 5560
1233 5.4368860483552552 -4.0483034903438737 11.160838381622835 121 113 80 0.61313185121447822 31 5158 35 5836 32 6163 33 5221
1234 1.263769647286247 -4.9665912456539383 16.635093489961648 154 122 130 1.0581429623676308 31 5197 35 5866 33 5270
1237 1.8843087601232853 1.7838586662346045 21.487076331593645 204 194 174 0.87998019418634232 31 5714 35 6385 32 6708 33 5780
1238 1.8843087601232853 1.7838586662346045 21.487076331593645 204 194 174 0.87998019418634232 31 5715 35 6386 32 6709 33 5781
1239 2.3916900874224574 3.3714173686581348 22.069908592140958 163 130 79 0.72150573883240299 31 5729 35 6417 34 6821
1240 2.362620271068185 3.2552893899576127 21.353691472604261 163 130 79 0.58439998391257264 31 5730 35 6418 32 6739
1242 8.2187576627484518 10.172242841927348 21.286049747145295 158 109 86 1.0387684361622718 31 5801 35 6517 33 5923
1243 0.15023812801681743 -8.7763215904549252 12.820151857101134 41 53 64 0.44608324664584947 31 6442 35 7029 32 7386
1244 1.1123525611519445 -8.1097337796617524 11.668518213573545 77 76 62 1.0380909151419757 31 4039 35 7032 32 4932
1245 0.20134528215831476 -8.1204754353221986 13.670409577228916 201 207 206 0.26565325460687728 31 6646 35 7189 32 7565 33 6580
1246 2.6460576033980607 -6.7899620847253104 11.109503026327165 49 30 24 1.4731595520246248 31 6685 35 7222 32 7600 33 6600
1247 -1.9223589342004535 -9.6887173679561283 17.487682794585595 96 107 114 1.3406098268584514 31 6682 35 7224 32 7587
1248 -0.054790457682191165 -8.0974520253164677 14.126662083014725 133 158 160 0.65393247811790001 31 6672 35 7231 32 7601
1249 3.0327870996504065 -6.8684488473812504 11.598986998470705 143 134 103 1.2503628147968107 31 6720 35 7261 33 6641
1250 -1.0554377399137465 -8.6827819319386332 16.15555863916817 42 42 65 0.37633937404063261 31 6738 35 7275 32 7649
1251 -1.5173423348474355 -8.9472910314913197 16.815287171026288 82 89 112 0.77135509344243447 31 6751 35 7280 32 7652 33 6661
1252 3.1169262192768175 -6.4892845315227348 11.027965825691371 154 145 126 0.41926823208574593 31 8186 35 7282 32 7661
1253 -1.9305043847971977 -8.9649861193022566 17.583533280638644 82 79 94 0.46622570052902196 31 6795 35 7323 32 7698
1255 -2.2442548289378381 -9.2346903103649147 18.227098775769605 93 92 81 1.0355017555597161 31 6798 35 7332 32 7695
1256 -1.5015554681327314 -8.7135356984066448 17.426738367552414 48 44 39 0.27805379620214099 31 6823 35 7362 32 8935 33 6721
1257 4.2664497742262704 -5.6850515965015873 10.800693148161892 150 141 118 0.47654532493874213 31 4718 35 7435 33 6789
1258 4.4568893003094638 -5.5855651128897925 10.805039570324926 166 147 48 0.95287599492476061 31 6940 35 7472 32 7828 33 6813 34 6103 36 8602 39 8435
1259 4.2152884519445468 -5.1947499585565478 11.6447439714476 21 12 7 0.59797609509683725 31 4920 35 7572 32 9045
1260 4.4422909762405496 -5.0969458642959919 11.674883771325755 170 154 120 0.18763204302765649 31 7067 35 7584 32 7950
1261 4.4422909762405496 -5.0969458642959919 11.674883771325755 170 154 120 0.18763204302765649 31 7068 35 7585 32 7951
1262 4.4978482881719719 -5.0928510250174721 11.635346792372028 23 10 21 0.052453522526701657 31 7064 35 7586 32 7952
1263 5.885842367865437 -4.66977904389136 10.741538149831825 155 148 114 0.19060217754885067 31 8395 35 7622 32 7987
1264 -0.57629936225027545 -6.3037916349898238 20.099205531950158 123 115 106 0.91947567993898183 31 7184 35 7698 32 6115 34 6410
1265 5.4522627393994503 -4.1072834724717602 11.043328724456986 149 140 98 0.85758944178425411 31 7194 35 7715 32 8061 33 7051 34 7637
1266 -0.67205387139344119 -6.1528392004943546 22.055569355539419 99 98 82 1.527997502850641 31 7242 35 7741 32 8098
1267 1.0861679239452118 -5.1800800473854585 17.666708497328869 44 22 36 1.1673805360927818 31 8453 35 7742 32 8099 33 7095
1268 1.0119963101273168 -5.147689609456048 18.06181814988199 69 64 62 1.7186030058710304 31 7254 35 7751 33 5293
1269 5.6135962244835182 -3.0845457690733036 10.84033049729854 159 152 120 1.7741593085412328 31 7342 35 7819 32 8184
1270 0.42667836769596651 -4.811738702596263 21.960941592605227 127 114 103 0.34802516027713565 31 7350 35 7821 32 8180
1272 6.1342700214550012 -2.7812566828613812 11.029891270395018 23 15 0 0.18205298375995879 31 5408 35 7874 32 8232
1273 2.1196412373742661 -2.8881552632784628 19.578070906252488 201 140 95 0.27510266561589475 31 8571 35 7934 32 8279
1275 2.4501712453852704 3.1934605622056886 22.016018821910382 212 201 202 0.83983380940654984 31 7619 35 8060 32 8407 34 6818 36 9312 39 10428
1276 8.0361385221182946 9.2167800696357158 21.240783122269455 202 148 62 1.9942101393980458 30 6538 35 8116 28 4366 29 3021 34 6867
1277 8.2840143494605361 9.2570543605676345 21.343346187504306 184 140 95 0.29250373394002599 30 8139 35 8117 28 9376
1278 -0.017511110502628553 -12.109621650305071 13.363081638613949 166 170 147 1.3112034216384278 31 7788 35 8213 32 7022
1279 1.4248790687878863 -10.239401163257281 11.321611367088135 78 85 113 1.1262849278309586 31 7822 35 8238 32 8603
1280 4.9414009889668167 -9.4275318095037921 10.256602427374245 119 108 91 1.1286984076459676 31 7866 35 8267 33 9069
1281 0.83170350580234309 -9.9718962789831895 12.441823857658971 95 95 127 0.36953360278590824 31 7925 35 8334 32 8699
1282 0.83170350580234309 -9.9718962789831895 12.441823857658971 95 95 127 0.36953360278590824 31 7926 35 8335 32 8700
1283 1.180608563827573 -9.7663003035031117 12.257944772476813 181 203 197 0.27861919793482298 31 7939 35 8345 32 7232
1284 3.9774119574891733 -8.375560814165496 10.199303173115171 184 192 153 0.51040936434492878 31 6303 35 8365 32 8727 33 7740
1285 3.9774119574891733 -8.375560814165496 10.199303173115171 184 192 153 0.51040936434492878 31 6304 35 8366 32 8728 33 7741
1286 0.65639908014285542 -9.0167108885434164 12.411047429791493 49 54 81 1.3714882511545874 31 8015 35 8414 32 7350
1287 1.0078178450682602 -8.0599236010445185 12.077114277119502 64 66 86 1.1290746285037294 31 6492 35 8446 32 7433
1288 0.31943326482387358 -8.4651788991837478 13.073749019913452 48 49 47 0.19269416254341695 31 8086 35 8459 32 8821
1289 1.6380380589268333 -7.1986752595020409 11.665099222694366 27 29 41 0.93990764189910692 31 6648 35 8500 33 7882 34 7308
1290 4.1263141810958208 -6.7511009688388111 10.773939600223111 167 155 98 1.1910236712104005 31 8156 35 8521 32 8887 34 8160 39 10723 36 10607
1291 0.26361622094846859 -7.8464326241500038 13.601666011948781 36 34 50 0.20428963065192232 31 8157 35 8523 32 8890
1292 2.5856610830597302 -6.641504698850615 10.893412655811332 165 161 122 0.70197253522650949 31 8159 35 8524 32 7609 33 7901
1293 2.9051675430609167 -6.5935547181812026 10.972475119334797 148 143 105 0.56672746154054643 31 6710 35 8534 32 5294 33 6628
1294 2.8483776029233767 -6.4521664647241819 10.794707753628659 21 25 9 2.0170212383240966 31 8182 32 8899 33 7917 38 10299 35 8540
1295 -1.1974791261035693 -8.717333191574939 16.688798209395561 189 193 192 0.51246292879336619 31 8197 35 8565 32 8911
1296 5.4863250030808111 -6.1565876447403243 10.459282241127806 127 111 93 0.53605230747472998 31 8215 35 8579 32 8929
1297 -1.7804612901879728 -8.5553583117041434 17.089199207637947 147 151 154 0.67152078053423481 31 9033 35 8581 32 8932
1298 1.6317224586223527 -6.6227367418965466 12.850720720391708 158 137 106 0.52084522105210751 31 8248 35 8602 33 6750 38 10413
1299 4.8033673984852205 -5.9574622193910116 10.707399007547483 180 159 113 1.130005884676619 31 8249 35 8604 33 7987 34 7421
1300 4.342758300800984 -5.9828028603555286 10.960749084469557 156 141 99 0.60475221977219284 31 8253 35 8605 32 8958 33 7989
1301 5.6266487952356847 -5.5943596591899425 10.139383500038116 174 149 101 1.1743173903389879 31 8271 35 8622 32 7789 33 7998
1302 4.4432330126595208 -5.0411582957574606 11.719177669447914 38 20 30 0.25332643446087072 31 7076 35 8714 32 9054
1303 -0.73432261506002028 -6.5104153278144583 20.166028523069375 49 41 36 1.3115988489906429 31 8416 35 8751 32 8034
1304 -0.77662891269203893 -6.3541196424281159 21.857453383776846 117 110 94 0.84765978557206567 31 8443 35 8764 32 9103
1305 0.86671874500525614 -4.7814044683012868 18.45167276197612 41 34 48 0.68125187491164496 31 9619 35 8791 32 9672 33 8216
1307 0.88740684948224735 -2.5265915758202291 22.221991550948889 96 58 53 0.59755183495089925 31 9278 35 8894 32 9207 33 7315
1309 1.9640467604962757 2.6288903831481218 21.096797713540639 111 74 37 0.91540799624167102 31 8654 35 8968 32 9260 33 7430
1310 1.9955526139761319 3.4867860223621423 23.761267664067642 172 129 80 1.769386725773515 31 9340 35 8971 34 7880
1311 8.414574746930386 8.3348710399253356 20.4563354653808 138 87 46 1.1876809201350464 31 8688 35 9014 33 9013
1312 1.4836309566006805 -10.443334405045654 12.007083206896958 193 203 196 1.3553985801652075 31 7858 35 9120 32 8632
1313 0.82615948874481993 -10.48462444623256 13.048051500556729 213 226 223 1.5129060680406496 31 8842 35 9152 32 9409 33 8546 34 8634
1314 3.6143184598562743 -9.1368963865104416 10.902696810533115 156 156 122 0.46308451920021071 31 7930 35 9159 32 8692
1315 3.8461020856900081 -8.5487107387953163 10.228468519697055 158 152 139 0.47962271301535991 31 8866 35 9172 32 9426
1316 0.19321936948123605 -10.125865793853126 12.936551868273945 76 90 109 0.87886291108358361 31 8859 35 9173 32 9428
1317 5.4090616221027927 -8.2082386340937425 10.238552223981969 203 216 208 0.86852692905662876 31 6367 35 9190 32 8752
1318 5.4090616221027927 -8.2082386340937425 10.238552223981969 203 216 208 0.86852692905662876 31 6368 35 9191 32 8753
1319 -0.19471016676324615 -9.3575955115213034 12.976770363778563 101 100 109 2.1000069525675129 31 8010 35 9196 32 9454
1320 0.77220638717151302 -8.5980716317003658 12.072283867385543 153 166 157 0.29926188962755013 31 8911 35 9206 32 9464
1321 0.77220638717151302 -8.5980716317003658 12.072283867385543 153 166 157 0.29926188962755013 31 8912 35 9207 32 9465
1322 0.86184888396548376 -8.6098547028615862 12.24495506564724 140 162 178 0.29664785312226899 31 8032 35 9209 32 9472
1323 -0.3067764345659561 -8.8887442560147338 13.593775335336328 153 174 182 0.51288918055934873 31 8935 35 9224 32 9495
1324 5.1448064878372941 -7.0976892369349249 10.484484642038003 134 118 95 1.0825780665909377 31 8964 35 9250 32 9514
1325 1.3088583862271375 -7.1026560253009157 11.409724005767865 201 197 160 0.79891378211283859 31 8975 35 9261 32 9526
1326 -0.71306974373147403 -8.6091256495433193 15.587828110274323 170 174 168 0.72758643399308343 31 8996 35 9273 32 9535 33 8671
1327 3.0024994263954388 -6.5443183680665431 11.132991802693436 14 0 12 0.41486350822803719 31 8184 35 9280 33 8679
1328 -1.3711405563721968 -8.6674653078293868 16.88712183587127 77 84 98 0.58749447082983919 31 9020 35 9291 32 9547 34 7400
1329 -1.6951806221790888 -8.5995349105815286 16.930930306356345 67 71 73 0.29977705292464912 31 9029 35 9294 32 9549
1330 -2.3302236624681623 -9.1170587336413043 18.6251396556308 63 56 42 0.69725369844703167 31 9035 35 9300 32 8946
1331 5.6584855849456925 -5.8990481995226229 10.199976074426523 26 23 0 1.770856648464699 31 9040 35 9303 32 9560
1332 5.6559126313364771 -5.9353169970347421 10.386259685913593 187 175 136 0.45174213028743654 31 9045 35 9305 32 8954
1333 5.6559126313364771 -5.9353169970347421 10.386259685913593 187 175 136 0.45174213028743654 31 9046 35 9306 32 8955
1334 5.7617069125729365 -5.605163652286083 10.094741098707139 93 84 54 1.3752119571899319 31 9063 35 9314 33 8718 34 8719 39 11351
1335 4.4346471443740212 -5.7310968219161094 10.887053925043416 33 41 26 0.99231443071273739 31 8283 35 9317 32 9586 33 8730 34 8219 39 11359
1336 3.9715491410356658 -5.783907073145671 11.105051514236226 44 29 8 1.2129259705200541 31 8276 35 9318 32 9585
1337 6.0158317373617054 -4.6260004875174028 10.826773303200101 40 54 51 0.92646163509422552 31 8400 35 9374 32 9641
1338 4.840589444637903 -3.493553913001239 11.42905401396275 23 14 43 1.7194485195100764 31 8478 35 9405 32 9674 34 8369
1339 1.0119017497313891 -2.6555910764254431 21.939415657865393 168 125 91 1.6686291801891577 31 9273 35 9478 33 8918
1340 0.51441039707247649 -2.1259833973353341 24.071078949406935 143 112 63 1.380094557355046 31 9661 35 9486 34 7831
1342 2.524771061586673 3.3426942201323731 22.091059599317049 126 82 33 1.1032127439808233 31 9342 35 9556 32 9793 33 8995 34 7883 39 11104 36 10995 38 11020
1343 6.5480242231569532 6.7300008847007726 22.038767426317424 158 98 69 1.4183701730013136 31 9354 35 9568 33 9006 34 8531 36 11015
1344 7.3552055155551876 7.2592040344258262 20.680923946713783 162 121 91 0.67079891787280388 31 9362 35 9570 33 9009 34 8534
1345 7.7834620685323213 8.0454816400286173 22.161244694585804 172 134 96 1.1536549058158603 30 9659 35 9571 28 10993 29 8537
1346 7.8079914560498516 8.3393027684330274 21.915160856421572 173 127 90 1.0991736088038595 30 8130 35 9575
1348 1.5174236661744815 -10.409752568322732 11.049055804708196 191 197 192 0.66569878901955359 31 8765 35 9617 32 9851
1349 4.1334339446639774 -8.7612164306790987 10.593746166117931 225 199 148 0.36420553942462125 31 8871 35 9669 33 9109
1350 1.7246310016892861 -8.4373886907480955 11.452439804476491 24 29 29 1.6516125352322828 31 9475 35 9682 32 9902
1351 0.66314122709573819 -8.5759945527255024 12.132889336147368 74 82 77 0.254893618580814 31 9478 35 9688 32 9905
1352 0.65547334971891869 -8.6550136441762575 12.25992427034061 74 82 77 0.40027457797058097 31 9479 35 9689 32 9906 33 9139
1353 1.6769944405389616 -8.4818767539642721 11.981321608071587 16 31 0 0.77420222122673543 31 9483 35 9690 32 10249 33 9542
1354 3.8682271678435205 -6.9646016777720314 10.811590799534759 141 123 101 0.29008747419006153 31 9512 35 9718 32 9929
1355 -0.32757686944403464 -8.2676438002426362 14.127831029327281 152 159 164 0.39901065160752275 31 9514 35 9722 32 9931
1356 3.2130140494151664 -6.7431214961286381 10.689740137814466 45 27 19 1.5426175560087056 31 9516 35 9723 32 9932 33 9173
1357 -0.13741310581466623 -7.9038194684450866 13.688211653877909 146 145 117 0.52695211507013762 31 9517 35 9724 32 9933
1358 -0.13741310581466623 -7.9038194684450866 13.688211653877909 146 145 117 0.52695211507013762 31 9518 35 9725 32 9934
1359 1.7521791636978725 -7.1756719806661318 12.028064686565605 22 21 3 1.7412218000851769 31 9834 35 9726 32 10264 33 9565
1360 -1.4653577802553099 -8.8325334851798623 16.895736016890101 136 137 125 0.53556485649428209 31 9527 35 9732 32 9944
1362 -1.061940970558604 -8.11578652401497 17.509890564278841 40 28 16 0.96993214516785597 31 9067 35 9749 32 9959 33 9211
1363 4.3350642466313829 -5.6780751156372862 10.827195809438866 168 143 81 0.63542799745595491 31 9547 35 9753 32 9961 33 9210 34 8725
1364 1.8431015274988118 -5.4955068757702739 15.528475582682599 27 14 5 0.90088274066225771 31 9872 35 9802 32 10305 33 9249 38 12513
1365 4.8118698387320693 -4.5056283949470686 11.361196802882258 21 14 33 1.0487943097077859 35 9803 33 9245 34 8777 38 12157
1366 5.4900475527304096 -4.1712425937831261 10.99731482895683 29 9 13 1.502918286673117 31 9186 35 9811 32 9096 33 8155 38 11638
1367 2.2576979672463455 -3.7161433747799073 17.153077160246355 168 94 56 0.64879973440824323 31 9900 35 9843
1368 4.560374863065447 -2.8986788989462124 12.612102712694625 35 31 0 0.36140907397096039 31 9246 35 9850 32 9703
1369 3.8709378019946987 -2.9466230733919621 14.045548394644303 47 37 28 1.8867458076372461 31 9644 35 9854 32 10047
1370 0.2120730830190366 -0.78533675880565401 25.625811474752382 158 121 85 0.69981806684791981 30 10267 35 9911 34 8910
1371 6.1871359062785789 -0.050975137220730805 16.930866794242288 130 89 66 1.3796825736148086 31 9700 35 9946 32 10142
1373 -1.4823264580798905 43.465865665622282 85.666845506806467 127 100 105 1.6251269975506246 31 9732 35 9987 29 9214 28 11704 38 12612
1376 0.6619491682301385 -10.62587546722267 12.679624563770176 142 204 221 1.4322793434914982 31 9780 35 10032 32 10226 34 8618
1377 1.6595658246402312 -9.2559296320298934 11.786234529042169 133 138 122 1.2704615228244263 31 9792 35 10046 32 10234 33 9528
1378 0.88022467510719715 -8.4504005583765078 11.194722955133241 51 53 26 0.82701198828824485 31 9803 35 10050 32 9898
1379 -0.35291658116000202 -9.5196629048331278 13.357321274192127 151 165 188 0.6509270568643839 31 9806 35 10056 32 10242
1380 -0.039369300992025152 -9.2300353706741802 13.091347892420034 217 218 211 1.1083258292886269 31 9809 35 10057 32 10244 33 9540
1381 0.90790366905703601 -8.7532197206853706 12.240025123248248 38 32 38 0.43454664960729689 31 9810 35 10058 32 10245
1382 0.11209579064423585 -8.4870357077877117 13.020139480641111 64 69 64 1.1688534550456231 31 9821 35 10068 33 9552
1383 5.2013600061190424 -6.7803724757160877 10.244306682531018 120 112 78 0.9745848467074878 31 9831 35 10073 32 10261 33 9171
1384 0.93967742137317056 -7.7773062937355322 13.936657801200324 34 28 3 1.2345046994082511 31 9840 35 10076 32 10269 33 9569
1385 4.10717787683694 -6.4932230590147366 10.835626300476184 133 113 96 1.4786087476605183 31 10075 35 10078 32 10492 33 9184
1386 2.1755891870787463 -6.9178514234819026 12.490822970085986 37 30 5 0.85598278629965507 31 10078 35 10083 32 10498
1387 4.4080526610714079 -6.7259173844444087 12.127691377617499 40 23 6 1.6171359543784061 31 10079 35 10088 32 10277
1388 -2.1362508182558941 -8.8649160752301075 18.282899302048101 81 81 66 1.1082725108390592 31 9845 35 10089 32 10279 33 9583 34 9115 36 11216
1389 4.3799154398642672 -5.5742960828239152 10.761235454132457 157 140 86 0.74622227969542365 31 9549 35 10095 33 9213 38 12093
1390 2.15838033155618 -6.2843467546145142 12.981841563770097 35 26 10 1.8167538720920264 31 10084 35 10097 32 10501
1392 2.0076206241289234 -4.9909924868072153 14.641355805262522 21 13 2 1.0690872738515014 31 9876 35 10125 33 9614 36 11593
1393 2.0112242514736263 -5.0670247315480443 14.912986806617848 21 13 2 0.78772092776814961 31 9877 35 10126 33 9615
1394 4.453010059836215 -3.8767895609865217 11.760106404222759 70 61 48 1.2767771251596682 31 9887 35 10133 32 10534
1395 4.4115988191665396 -3.1560591103309901 12.422258555108771 84 74 44 0.59965459762917606 31 9896 35 10142 32 10335
1396 -0.49063592250082566 -4.7935743459160634 23.91820658938251 38 25 17 1.2192117422724944 31 10127 35 10146 32 10553
1397 2.2020179059957217 -3.5693518428736861 18.888237519593087 207 151 114 0.51548679432758215 31 9908 35 10154 32 10343 33 9648
1400 5.8911541420164326 -1.3462393579009237 12.82826102879457 30 28 13 2.0902876663620118 31 10150 35 10190 32 10582 33 9682
1403 8.4228400823575171 9.6047316978834623 20.709261220816781 189 140 84 1.9187972724422329 24 10517 31 9727 35 10247 32 10419
1404 3.9666456969040023 -10.093970045972277 10.60595833374688 55 49 58 0.63180148848589279 31 9768 35 10264 32 10443
1405 1.1610839649372688 -10.550188395604332 11.666534282922603 180 191 190 1.7902140216392237 31 10020 35 10266 32 10445
1406 0.73387964394399485 -10.698559210703788 13.067690404893908 55 64 89 1.2845184603853177 31 10033 35 10275 32 10448 33 9771
1407 0.74481730220625908 -10.561152781246465 12.873927885079244 55 64 89 1.397039122116345 31 10034 35 10276 32 10449
1408 0.9134041584943543 -9.2095314742529677 11.773033457522031 177 187 223 0.80319685790996465 31 10201 35 10277 32 10233 33 9773
1409 -2.8867114089380679 -13.223873441120698 18.192745571285055 146 133 128 1.1242272637454094 31 10037 35 10278 32 10456
1410 1.1016259590126058 -9.2457508325335507 12.578364346054382 55 62 84 0.9646583371506724 35 10280 32 10460 33 9534
1411 -0.098539375263636445 -9.2926525963622275 13.6686722695482 74 76 77 1.2468510027024566 31 10048 35 10288 32 10465 33 9784
1412 0.96900497926676632 -8.1551295825775529 12.018634105096135 79 74 78 1.116455934396954 31 10053 35 10295 32 10470 33 9785 38 12653
1413 2.4326831573473235 -7.5206524395404424 11.47308979087599 55 47 35 0.72572349928892599 31 10064 35 10300 32 10653 33 9788 34 9332 39 11951
1414 3.0343423053702772 -6.6921076388840959 10.991913618935774 36 18 3 1.0915592287960689 31 10072 35 10310 32 10486 33 9795 34 9090 38 12849
1415 5.3264469278518263 -6.4421250173042974 10.320868434408046 50 32 20 1.37964304015409 31 10073 35 10312 32 10490 33 9798
1416 3.3004909654194705 -5.8217772888530801 10.741099803575795 44 34 17 0.92718875872880135 35 10317 32 10283 33 9806
1417 4.3663382009231855 -5.2549687031449732 11.030699502520601 30 7 8 1.110385935572026 31 10089 35 10322 32 10507 33 9816 34 9366 38 12710
1418 2.8077532030471737 -4.4485147331731554 14.220179493830502 11 5 9 1.2790154543800747 31 10109 34 9537 35 10334 39 12171
1419 0.18273695549117835 -5.2449231812790824 21.037686877568465 50 36 25 0.8970582078981113 31 10117 35 10339 32 10322 34 9167
1420 3.857738214792096 -2.9240745143587681 13.18409008871873 83 74 67 1.5232617066275043 31 10256 35 10351 32 10684 33 9839
1421 4.0731021434086729 -2.4762819840084229 13.679410193168334 64 36 6 2.6451070948350952 31 10137 35 10359 32 10568 33 9847
1422 2.1652427471035356 1.2290275075879549 20.54994470532149 221 184 155 1.310735317036948 31 10167 35 10380 33 9874 34 9447 39 12067 36 11703
1423 9.4104703328286838 42.668588936923904 105.66648048208384 75 54 58 0.28909662561044158 24 10519 35 10398
1425 9.2566138247966911 10.035506901240032 22.484135162715795 161 118 66 1.6260833056467292 31 9986 35 10404 32 10416 33 9894 39 12097
1427 1.6665062276759075 -10.417346075803676 13.120096158465733 59 55 41 2.4014088702375189 31 10199 35 10422 32 10642 33 9911
1428 1.6642163426337282 -10.062106808117429 12.592538372934687 59 55 41 1.6372303976743279 31 10200 35 10423 32 10643
1429 1.2290273251471062 -5.5364352126728695 16.798182404882098 82 81 61 0.66270930887060375 31 10243 35 10447 32 10673 33 9823
1431 4.3732757177562087 -2.492571698070059 13.989226648282349 125 109 58 0.84892344983634693 31 10261 35 10465 32 10690
1432 2.1965035103359627 -0.56296639599215936 20.159054304687704 167 77 24 2.2698783037515566 31 10344 35 10479 32 10763
1433 2.1965035103359627 -0.56296639599215936 20.159054304687704 167 77 24 2.2698783037515566 31 10345 35 10480 32 10764
1434 2.4887005206976549 1.0120105413511049 20.078785899698794 200 121 90 2.1475708726433633 31 10268 35 10484 32 10701
1436 11.480705575033664 52.310444454196123 86.607156134273424 94 84 49 0.54872074883894406 30 10546 35 10503
1437 1.8437593158201266 -11.442525102249874 12.778551337242451 57 72 63 1.7552168501753946 31 10299 35 10507 33 10017
1438 4.5494127783386284 -9.6230025658122802 10.678967557649967 39 26 19 0.77665610938049867 31 10301 35 10509
1439 2.7037826956032358 -7.4821657313313761 11.073193715437609 45 34 20 1.2295763917263598 31 10381 35 10520 32 10795 33 10032 38 13029
1440 4.4526487660483784 -7.1000273769313678 10.852603996050457 31 13 13 1.5206806308582881 31 10313 35 10521 32 10729
1441 2.6387804521872682 -7.0950376244823818 11.302158375322044 48 34 21 1.5661993683788151 31 10215 35 10522 32 10657 33 9928 34 9506
1442 5.1923503297833706 -6.894892074631028 10.718137284312704 43 26 6 0.97601741759082417 31 10314 35 10523 32 10730
1443 2.7468519547128629 -6.693634539677463 11.031477015480732 71 56 34 0.97524918433913543 35 10528 32 10731 33 10036 38 12952
1444 2.7725202383960208 -7.0154307635860889 11.643420695975813 71 56 34 1.4914394689363972 31 10218 35 10529 32 10732 33 10037
1445 -1.6182817006237049 -9.4266856336456577 17.853424803280696 129 139 153 2.3245575085277665 31 10386 35 10531 32 10800 34 9516
1446 5.3439134013478302 -6.0414447786029193 10.507443259843924 39 21 17 2.2831123849517896 31 10387 35 10533 34 9610 39 12254 36 12044
1447 0.88741332727160238 -6.9648988826629594 15.010740012096974 20 22 3 1.1662068767317399 31 10230 35 10537 33 10044 38 12958
1448 4.2446941514627357 -5.5583788900033566 11.059021256963252 46 21 2 1.7796678387512235 35 10538 32 10738 33 10045 39 12155 34 9520
1449 2.1903232759620748 0.21357496351107139 19.30803877858931 214 169 140 1.0968422416766264 31 10404 35 10560 32 10766 33 9987
1450 2.5745215494583351 0.25127115796766447 17.664283506129767 200 115 76 1.5773914396115654 31 10347 35 10562 32 10768 33 10070
1451 3.5071163992615313 0.60879958147946012 17.657357236614271 216 134 66 2.2899071499701757 31 10348 35 10563 33 10119 36 12122
1452 8.535852551386613 8.2582838491491977 21.810500957232932 155 113 69 1.2857722046442677 31 10409 35 10571 32 10778 33 10080 34 9582 39 12293 36 12011 38 13059
1453 8.535852551386613 8.2582838491491977 21.810500957232932 155 113 69 1.2857722046442677 31 10410 35 10572 32 10779 33 10081 34 9583 39 12294 36 12012 38 13060
1454 2.1551297305128578 -9.2171036602409142 10.643853702305725 82 81 78 1.7901676827851924 31 10373 35 10584
1455 0.51546782145590941 -10.414103217547225 13.09201936661804 212 221 232 0.91839932439211613 31 10306 35 10587 32 10791
1456 3.9799646051689823 -7.1547113800347848 11.020690127914477 64 52 55 1.1351827537704819 31 10382 35 10593 32 10797
1457 3.9799646051689823 -7.1547113800347848 11.020690127914477 64 52 55 1.1351827537704819 31 10383 35 10594 32 10798
1458 2.7310771732152124 -6.0372347780389886 12.353541316591944 31 26 20 2.1254113217159625 31 10389 35 10598 33 10101
1459 4.4812060832802008 -5.0768883242925824 11.577937887143763 26 14 30 1.5016042585367919 31 10391 35 10599 32 10804 33 10104 34 9615 39 12261 38 13038
1460 6.2248887294396749 -1.2154832460377625 11.932999895525803 88 78 42 0.9026451683915846 31 10401 32 10824
1461 3.7978162505348654 1.8710522316661262 20.46063392847406 151 90 50 1.7144202381304656 31 10350 35 10622 32 10772 33 10122
1470 1.1269069585983063 -8.1349757636161915 12.05671856177274 150 164 164 0.040834291477309881 31 982 35 1119 32 1305
1474 -1.5023043084858116 -8.5841314065882468 16.618815759828898 39 38 44 0.47170982383792087 31 1512 35 1702 32 1896
1475 -1.8794102615170969 -8.6038757013074392 17.319452573804888 88 87 52 0.50322383545121319 31 1580 35 5144 32 2001
1476 -0.81380348760392851 -8.2005889632145497 16.264278710907092 63 63 71 0.30747523751395772 31 1581 32 2005 33 1596
1478 1.2003182091900388 -10.424049561424193 12.017906702090887 87 94 107 0.21144350667716294 31 335 35 371 32 4436
1479 -0.19722980359333084 -9.1980782041418969 13.290632155196237 161 170 166 0.38709524607220214 31 3998 35 4587 32 4894
1481 -0.77280018627006708 -8.6007646082158793 14.373005672256383 248 245 237 0.74318102515821771 31 4260 35 1340 32 5139
1483 1.4572454757637221 -7.2039123313281639 11.661490855031554 127 126 100 0.85196857249855418 35 4858 32 5171 33 4398 34 3841
1485 -0.46205094837942706 -8.3752112670769705 14.448255901291814 100 87 75 0.15128341159140146 31 4337 32 5206 33 4438
1486 0.11261859684134264 -7.6021957426343922 12.940396852941658 144 145 141 0.84993764492365909 31 4352 35 4902 32 5215
1488 0.5688938786227854 -7.2237088529723064 12.383411417478332 154 153 142 1.2718976037283889 31 8160 35 4937 32 5253
1491 -0.32735381221074428 -7.723502839787785 15.37702094564006 140 141 129 0.42478242142758188 31 4596 35 1828 32 5483 33 1631
1493 0.47474772602869064 -1.7886741239268171 25.142297415596218 103 67 45 1.5058011284933235 28 9253 32 6621 29 6918
1495 1.9589862861539782 1.658740390015085 21.449376222883938 236 220 214 0.76825655129018233 31 7590 35 6384 32 6707 33 5778 34 6791
1496 2.3875688156887342 3.0258885929419419 22.442909520646264 163 127 93 0.98411353160739234 29 5405 31 5722 35 6403 32 6726 33 3284
1497 4.2654708018732954 -8.7013339705794799 10.553311437174539 175 174 115 0.7861941258938363 31 6297 35 8355 32 7255 33 7731 38 9954
1498 0.81268166982576895 -9.3845333187309059 12.03017003032029 164 215 226 0.13750346331364638 31 6295 32 7261 33 6308
1499 -2.8026594017130693 -11.605854802347807 16.23383556154419 234 233 206 0.75860680987436224 31 3808 35 6958 32 7301
1501 4.3680932955054734 -6.5970710309410716 10.392847708813903 32 21 20 0.90252703627203446 35 7220 32 7589 33 6593 38 10264
1502 4.3463783710567236 -6.7130066098862526 10.634870518292376 166 145 90 0.25928360230339159 31 6680 35 8518 32 7591 33 7897
1503 -0.57916377698734511 -8.4071786267335948 14.883705301102847 31 33 57 1.3181671631789791 31 6683 35 7234 32 7605 33 6624
1504 3.0734521623676074 -6.2229786223924286 10.835624698475137 189 176 124 0.10206208552795289 31 8204 35 7313 32 7697
1505 4.2549109079213325 -6.0799663305925788 11.057819643502079 112 100 61 0.12665926903319349 31 4626 32 7754 33 4702
1506 -2.3797669277832596 -8.7671598020828139 18.456795165244625 85 84 65 0.75203627853688237 31 6876 35 5219 32 7756
1507 4.4258502607586623 -5.514557767976175 10.759440709638591 34 9 0 0.97632959925171248 31 4753 35 7480 32 7843 34 6122
1510 4.4115953604333935 -5.2465202152733372 10.704966622865468 186 162 138 0.48383890064815993 35 8671 32 7895 33 8054 34 7510
1511 4.2247382806490767 -5.2626611080570367 11.918892356876514 134 127 103 0.92961107275530896 31 7049 35 5545 32 7941
1512 -0.83468553439215076 -3.003998566528272 25.904961456940896 110 88 65 1.3810795841777173 31 8582 35 8893 32 8290 33 7301
1513 -0.44015484170547037 -2.5053115380594968 25.806356881524465 103 70 48 0.7401860080060414 29 7881 35 7970 32 8305 28 10939
1514 2.8885576024152742 2.9417162567908282 20.594816504559951 186 160 134 1.1024567474189082 31 8660 35 8975 32 8409 33 7446
1515 -0.31392645388436569 -12.253796452855626 13.595881778508421 72 86 95 1.3620213550699463 31 7786 35 8218 32 8569
1516 0.46660239566199213 -11.070943325546757 12.904342391031555 215 222 210 0.79583206545295526 31 7856 35 8268 32 8627
1517 1.8432150887756487 -9.3718239467967948 11.153011279442449 63 63 61 0.5594044631350219 31 7897 35 6835 32 8669 33 6226
1518 0.32707382267614704 -10.184700024751317 13.150574706240214 46 50 84 1.0423606669454328 31 6280 35 6907 32 8718
1519 -0.26004365456239531 -9.6312769304937689 13.878032784106011 70 82 98 0.36716875885928085 31 8026 35 8424 32 8776
1520 1.2853621071657551 -7.8033466927994724 11.49160470941024 215 245 236 0.43933210429356384 31 8076 35 9222 32 8804 33 8607
1521 4.2725379249188524 -6.7792907734731847 10.664377312961612 160 151 91 0.9436021935493214 31 8149 35 8510 32 8881
1523 -0.99368323739458331 -8.9314523468893174 16.21549576418526 176 182 172 0.87785027239940516 31 8176 35 7253 32 8894
1524 5.5434103580959997 -5.2757194897238877 9.9090395717336488 42 17 24 0.42046545002127073 35 8647 32 8996 33 8024
1525 5.1154680406216162 -5.5506731821157134 10.753133389531337 184 173 133 0.68693967874230211 31 8306 35 8652 32 8999 33 8030
1527 4.2946990430831029 -5.1601594915744666 11.319294405895652 25 9 27 0.68272449899304921 35 9354 32 9037 33 8772 34 8264 38 12129
1528 4.2990196107820768 -5.172582958140409 11.351412304620135 25 9 27 0.65487718505663428 35 9355 32 9038 33 8773
1529 -0.70609599010999191 -6.1515536928649164 21.562505503766335 52 41 43 0.97555825484790459 31 7233 35 7731 32 9108
1531 8.2366134928137811 8.7168294814859468 22.498549236644831 182 137 82 2.3537650181164298 28 10994 29 8541 36 10347 39 10466
1532 8.5260849488682808 10.16702869996884 21.510012394183185 176 126 68 1.1860961336741143 29 7008 32 9294 30 6554
1534 1.4263059790697354 -10.413154940100629 11.146144647757458 86 97 131 0.83624950492740502 31 8773 35 9084 32 9342 33 8472
1535 -0.074552199512898279 -10.390810605016805 13.215341824001197 198 221 230 0.82618955866286681 31 9458 35 9162 32 9420
1536 4.1167094389289423 -8.4688123313189045 10.311970351840783 5 14 24 0.7589805344639764 31 8877 35 9179 32 9437
1537 -3.1607515223779599 -12.025329487835851 20.21242783518602 111 110 125 2.0394970405894344 31 8950 35 9709 32 9506
1539 4.1767718112266632 -6.435901576515068 10.16896067832481 0 7 57 0.48060680255109345 35 9267 32 9531 33 8661
1540 -0.79483804788185997 -8.6199388084809989 15.39677548835601 74 71 78 1.2892551749865435 31 8992 35 8526 32 9532 33 6631
1542 -0.92745237876561704 -8.0926466563485171 16.294883889153102 44 38 38 1.6143868141959961 31 9041 35 9304 32 9558 33 8709 36 10680
1544 2.524689092174385 -6.5448436586853616 13.184399218197754 83 83 55 0.29209019161123256 31 9073 35 9750 32 9582
1545 -1.6614302711455278 -7.7378616726588296 17.369538187844125 29 14 10 1.2911937795415562 31 9550 35 9328 32 9593
1546 4.865107063098395 -4.7816239667834219 11.368083463715577 29 30 6 0.72486381736544614 31 9152 32 9636 33 8791
1547 -1.2982883942575369 -7.3138025791471515 22.041973772428335 44 39 28 0.4587427253351713 31 9172 35 9384 32 9647
1548 1.3899366888992104 -4.9891281521393873 15.925900271634951 63 52 38 0.8879439968617131 31 9192 35 9392 32 9656
1549 6.1662498170016358 -2.0772979104007447 10.91680598056103 40 27 2 0.77997059725004603 31 8574 35 8891 32 9726
1550 -0.93393639401414053 -2.8100158195441312 25.859374491542336 181 147 92 1.8548580787997819 31 9275 35 9874 32 9728 33 8917
1551 0.46177379793887025 -0.14278239626935849 25.268247415410229 167 133 96 1.4514965016957146 31 8624 35 9528 32 9773 34 8492
1554 4.3042198297540146 -8.741248612345986 10.180572305223684 165 157 130 0.56193405745210812 31 8849 35 9663 32 9887
1555 -3.3011218896537509 -12.721821643782828 20.498562709948306 219 221 207 1.3057851573778536 31 9491 35 9702 32 9914 33 9153
1558 7.1736621050320979 6.5746408252931108 21.826414631104761 143 94 62 0.86240921988504893 28 11439 35 9567 32 10167
1559 7.654568522103351 6.545732084396291 21.51989625722975 125 97 58 0.72880479319409319 31 9718 35 10239 32 10171
1561 2.9962706302613658 -7.2512984867142833 10.873180204708174 70 66 47 0.33752535033840769 31 9826 35 9708 32 10256 33 9159
1562 5.7103631859076902 -4.864800452399912 11.620964275387346 33 16 9 1.2257471840696204 31 10096 35 10115 32 10301
1564 5.6596951162197611 -2.9513280797536852 11.605829547633123 30 18 2 1.4614996093547405 31 9902 35 9846 32 10339
1565 3.9267743396268182 -2.9034499886126386 12.613063433723827 36 28 3 1.3531310956720493 31 9640 32 10341 33 9309
1567 -1.9210517648581671 -11.136739279603029 16.922442372100196 209 226 234 1.9505873774503752 31 10205 35 10289 32 10464
1568 5.4511065697842538 -6.6206007630423125 10.367613887234903 160 155 117 0.7696563153239262 31 10068 32 10483
1569 5.4511065697842538 -6.6206007630423125 10.367613887234903 160 155 117 0.7696563153239262 31 10069 32 10484
1572 3.3875850254179083 2.3414607384781831 20.792030461002344 144 111 76 1.7329354119226472 31 10171 35 10231 32 10598
1573 7.6971155578326176 7.7972052745257709 21.792716382090376 161 118 84 1.0672673295105617 31 10179 35 10396 32 10607 34 9462 39 12092 36 11903 33 9888
1574 10.40701682338784 35.97886433676841 85.232917107711529 71 44 59 2.3546498646587706 28 11692 29 9368 30 10439 33 9736 32 10610
1575 1.0861961630517047 -7.3863215439484735 11.987249590828172 61 57 57 2.2053147004971647 31 10214 32 10655 34 9084 36 11546 39 11693
1576 5.0735595992278268 -5.5092789749827684 10.937318365873915 37 15 1 2.3101107505917753 32 10665 33 9814 36 11572 35 10320
1578 2.0587094613730086 -8.8381465780750297 10.968257994588015 44 44 36 2.0124501499603089 32 10721 34 9600 35 10424 36 12029
1580 4.8667303448410646 -8.2777648445339267 10.478715590475336 27 14 4 2.5610093089166206 31 10202 32 10727 33 9916
1582 0.67349640839304203 -2.3101906689002867 23.769044574287264 157 123 82 1.4390543274079839 29 9579 35 10471 32 10759
1584 4.795765046179552 -7.5462410393389545 10.884267308409962 39 17 32 1.8675265944863872 31 10312 32 10796 33 10033
1585 4.284989749158326 -6.5930641628177726 10.501787453144402 59 36 14 1.7340496580187565 31 10384 32 10799 33 10097 34 9674 39 12318 36 12101
1589 3.7752946591028764 -5.2868023384060274 9.645566948057926 52 18 7 0.077748102953841089 35 9744 32 9572
1592 7.1328764333940455 6.6529257861063185 20.829175560956845 165 124 91 1.0662370712977962 29 9359 32 10606 33 9886 34 9265
1593 -9.2432930512466882 52.623860498747455 86.473554702348025 0 0 0 2.4177889144471649 28 12071 35 10578 32 10785
1595 0.79706246282710891 -10.010579856908183 12.410755463163893 199 208 229 0.4835434925335142 32 4589 35 4282 33 487
1596 0.9077143415127823 -8.6407222139483419 12.293843742504313 207 220 219 0.34992176741434983 32 1197 33 872 35 1026
1597 -1.174040271196247 -9.8528850308733951 15.220267301488377 211 223 239 0.49800574406013459 35 1110 33 976 32 1287
1598 -1.6894875060035126 -9.7777973197020138 17.600265194926248 144 154 154 0.042423584957587059 35 1497 33 1310 32 1656
1599 2.0127028851874647 -6.7200885326786892 11.441957218302811 71 60 31 0.41819832005755903 32 5304 35 1574 33 1359
1600 -1.5363256462197439 -9.6046045264246054 17.557178331163897 172 181 187 0.16822478596330834 35 7246 33 1364 32 5262
1601 -1.4943188351187471 -9.1671412885881978 17.029050210173121 98 100 100 0.46105891986866565 32 1763 33 1415 31 1383
1602 1.1460019844010421 -7.3593972021271243 13.095953353028987 111 102 93 0.48460740001182351 32 5325 33 1420 35 5013
1603 -1.9945413001113828 -9.3299561487252625 17.851725337142121 138 142 119 0.36588154869091927 35 1642 33 1477 32 1820
1605 -2.1103710915478135 -9.2549144673719947 17.84961465112503 173 173 171 0.14661115303995559 35 1663 33 1492 32 1842
1606 -0.2334865845632543 -8.003291684532158 15.547235842002362 125 130 101 0.19302835429143475 32 1974 33 1574 35 1768
1607 -0.23697778593076674 -6.3732462615208867 19.010834633593639 143 135 111 0.30530728978015131 35 5720 33 2386 34 2060
1608 -0.23697778593076674 -6.3732462615208867 19.010834633593639 143 135 111 0.30530728978015131 35 5721 33 2387 34 2061
1609 5.2134399188559089 -2.008994986689467 12.396209470068033 130 116 107 0.65124372181866652 32 3617 35 3336 33 3025
1610 2.4729990429636755 3.0551097463935029 22.269982640538167 207 187 166 0.80233607176413091 32 6728 33 3286 31 5723 34 5152 39 7318 36 7550
1611 2.6123008173175752 3.182191417984225 22.596845972019981 137 110 110 0.23991283318265375 32 6733 33 3289 35 6412
1612 0.45082528306426356 -12.083160232122696 12.878392616729192 84 100 106 1.0270776527286303 35 3904 33 3571 34 3030
1613 -1.3659794140243375 -11.653759894276275 15.041432682326441 169 174 164 0.2695425120629103 35 4299 33 3964 32 753
1614 1.0144025417839098 -9.3536870986465654 12.019747715787696 108 117 152 0.31289291035233596 32 4691 35 4376 33 4012
1615 1.5229915480618923 -7.906946344136224 11.597581185584341 158 164 158 0.24330851204873755 35 4673 33 4241 32 4981 34 3697
1616 -1.0796302405289242 -9.546050996767816 14.896754939542893 189 206 219 0.280388125430101 35 4691 33 4268 32 4995
1617 1.0858645395047362 -7.7794041276737236 11.793809581332347 198 210 214 0.32248645667139203 35 1175 33 4283 32 1367
1618 0.98122581320833502 -7.7686038185587973 12.098758092105392 163 167 156 0.43264953298806769 32 7488 35 4758 33 4314
1619 1.1860879398335054 -7.4734518010027395 11.823850393212417 243 231 227 0.67059956368094431 32 1493 35 1303 33 4340
1620 1.5790730098966312 -7.2281364656742086 11.659407570531224 203 186 148 0.2479280931698741 32 5163 35 4851 33 4388
1621 1.5385628746561402 -7.1719335892710125 11.673971609684585 164 168 151 0.67831918104757727 32 5186 35 4867 33 4407 34 3850 36 5594
1622 2.8622792931923731 -6.8084420587579393 11.203839274784299 53 37 23 1.60575142792867 32 5257 35 4940 33 4459 34 5919 36 1586 36 8360 38 5025
1623 -1.6010302257859979 -9.5427505916363984 17.262826624921583 51 59 72 0.14178689292582991 32 5251 35 4938 33 4481
1624 1.3374069818723395 -7.1351420545674209 12.725038965788816 155 142 114 0.42186968267023212 35 5032 33 4542 32 5342
1625 -0.58657534935304712 -8.2795709273391314 15.882686615216503 129 131 129 0.17596130439085345 32 1907 35 5085 33 4612
1626 -1.6412261093366629 -8.8152204219541392 17.216648544081316 181 194 203 0.42355602496554684 32 5402 35 5089 33 4618
1627 -0.83223942761274328 -8.355067210808679 16.255345412040292 164 172 174 0.17205073677533836 32 1943 35 5103 33 4637
1628 -2.6488308121106106 -9.1694678725717171 19.65978045725241 141 140 107 0.46014433858200743 35 7417 33 4756 32 7770
1629 4.9921042334070265 -5.284140854034443 10.773922012391282 35 29 1 0.36307263167135373 35 2241 33 4898 32 2449
1630 -0.27023232019254412 -6.622686789650257 19.269820385644881 19 18 4 0.5402932596504777 32 6014 35 2585 33 5119 34 2030
1631 -0.28148366776746703 -6.4534147047752191 18.870936569211519 139 139 117 0.46506938926407565 32 2834 35 5702 33 5127
1632 -0.074998502168076228 -6.3021424451431303 18.925523941365459 128 125 108 0.44195105455570111 32 6057 33 5148 31 5076
1633 0.092762254784584594 -6.1772509670442117 18.634723476684776 107 107 95 0.54876556344223382 32 8029 35 7680 33 5156
1634 -0.42314504860651175 -6.3020138227972344 19.722080211022238 123 123 99 0.81709283089919971 32 8040 35 5766 33 5181 34 4597
1635 -0.44754427060147273 -6.3340688414575617 19.851823539549269 123 123 99 0.37183752069668802 32 8041 33 5182 34 4598
1636 -0.43772989642121762 -5.8944300355117463 20.442747714144616 131 130 106 0.99517469633651234 32 3052 35 5850 33 5259
1637 -0.26540171783100386 -5.4327582044330773 21.084357977402199 12 3 3 0.47837025743028977 35 7776 33 5326 32 9125
1638 6.1313266349958262 -2.8233885349013987 10.76896805195223 162 151 133 0.81749534495788012 35 6070 33 5464 32 6384
1639 1.8879786327014598 -3.6509782230960575 18.367259550900407 172 79 48 2.1342077747007102 32 6398 33 5493 31 2687
1642 8.4895365564513039 10.452392656684912 22.103765215420644 156 97 37 0.90354970750156938 32 6839 33 5916 35 6512
1643 8.3516326379326777 10.414924642673771 21.650822617268584 208 155 103 1.207315168140543 29 7010 33 5928 30 8153
1644 8.3516326379326777 10.414924642673771 21.650822617268584 208 155 103 1.207315168140543 29 7011 33 5929 30 8154
1645 0.43807066802140571 -11.226240063511975 12.99472494277506 53 62 79 0.4428779352925391 35 6748 33 6152 32 7103
1646 0.30101187585706046 -10.886759226931662 13.029795326991254 68 93 119 0.22413795461072014 35 6804 33 6195 32 7156
1647 0.55546993991536298 -9.6985409509647909 12.376368786733954 93 112 152 0.47611867567343041 35 6901 33 6296 32 7245
1648 0.37474799477039833 -9.8914968039682982 12.74131843416677 47 63 98 0.84617264928260116 35 6908 33 6303 34 7147
1649 1.0701439367505636 -8.9539140243791504 11.701798797848213 192 220 223 0.1001133970502414 32 4748 35 6943 33 6337
1650 1.1495579787142216 -8.8788369220163528 11.837276874875391 69 72 85 0.50353514971111002 32 8754 33 6358 35 8401
1651 0.13710671234478577 -9.0350793793847473 12.914368333459795 93 102 134 0.25283149351390616 35 7012 33 6413 32 7373
1652 1.4584522047720554 -7.9136352546254063 11.613167199797532 167 173 167 0.40223342073961832 32 7419 35 7059 33 6454
1653 3.0104161665385409 -7.5811175389202345 10.844523866070181 109 104 82 0.71183924129111931 35 7060 33 6455 34 5748
1654 0.82176843893985629 -8.1175722749466104 12.291234752673105 61 55 65 0.51485117601069563 32 7436 33 6473 35 7084
1655 1.108550865079869 -8.0957264386630854 12.426470098038664 184 233 220 0.28362228884052421 32 7463 35 7105 33 6497
1656 1.104944462798954 -8.0846220180394219 12.537022504097846 36 36 55 1.1617293451446649 32 5045 35 7120 33 6509
1657 0.90775259820360077 -7.7347806481679617 12.197244920654283 220 221 214 0.52942118334676247 32 5095 35 4787 33 6523
1658 4.1489831998575681 -7.1370577366278818 10.735879852220302 86 76 63 0.19396290927892604 32 7510 33 6530 35 7142
1659 -0.67732540303853639 -8.8210172277994428 14.414414659431365 72 66 92 0.43886606867295935 32 7502 35 7136 33 6531
1660 1.0773040706611983 -7.3938240193234632 11.719784071370265 215 220 209 0.61401145976327465 32 7514 35 7151 33 6535
1661 1.0773040706611983 -7.3938240193234632 11.719784071370265 215 220 209 0.61401145976327465 32 7515 35 7152 33 6536
1662 -1.1445568386947262 -9.4268387695803462 16.187500612763444 224 226 215 1.1550118479513427 32 7536 33 6577 35 7178
1663 2.5136947260940214 -6.947736639589742 11.152853031269672 91 77 68 1.5060181712410579 35 7199 33 6582 34 7311 39 9797
1664 0.13096766612972863 -7.9248488157803898 13.468038049254968 19 21 43 0.3177517225035888 32 7573 33 6591 35 7207
1665 -1.6645275029009468 -9.224527669991712 17.176165951648859 189 198 185 0.30249635029687066 32 7639 35 7264 33 6649
1666 1.8853726788244798 1.9120247376463821 21.465790140144247 137 104 69 0.93772632566557312 32 9258 35 8965 33 7419 34 6799
1667 1.8684167915396066 2.4755516554895576 21.332050133125101 139 95 69 1.6980193923300666 32 8388 33 7426 38 11011
1668 3.3838042393965622 2.4467888440825356 21.475845174383707 112 78 73 0.88710143660126584 32 8393 33 7429 35 8967
1669 1.8096051559942608 2.8029592799367737 21.99524324607621 133 80 78 0.73370896821141984 32 8397 33 7431 31 7608
1670 1.933819631959826 2.818332615322388 21.646098789081375 153 117 86 0.2613775675663963 32 6725 35 8051 33 7434
1671 8.4735541380451505 8.5678915875986625 21.514236084744752 167 124 74 1.4488738457414694 32 8443 35 9012 33 7495
1672 8.291379297714089 9.282270518790515 21.361799568916805 187 130 81 0.76664382799651121 32 9290 35 8118 33 7501
1673 0.37342573664555934 -10.384951781799565 12.575179132277338 224 250 242 0.38430643270242654 35 6826 33 7682 32 7177
1674 -1.3958532928251015 -11.896200297082093 15.267355826695191 82 82 90 0.84030042140526551 35 6862 33 7712 32 7206
1675 1.9056175854662618 -9.2184430652875982 11.276506656522011 193 212 214 0.29322166580569781 35 8337 33 7716 32 8703
1676 4.224575546109075 -8.5483237077320506 10.334718930879868 160 145 115 0.17220681696835372 32 7254 35 8354 33 7730
1677 1.0276109950660208 -7.7456541363441911 12.206317468072927 30 42 56 0.6452939099487055 35 8476 33 7860 34 7287
1678 4.2318747565599661 -5.6412783058354012 10.520078722583898 47 32 2 0.85053265973124714 35 8620 33 7996
1679 4.4128744039041301 -5.2507268003938146 10.710293727029374 169 162 131 0.39135392331825991 35 8670 33 8053 34 7509
1680 4.0308099721505304 -5.3424074345821362 11.784974538714925 88 81 55 0.548545994611363 35 8689 33 8088 32 9617
1681 4.4044699266629967 -5.1928550395800395 11.371793410117993 125 110 49 0.42163725515551381 32 9036 35 8694 33 8089
1682 5.3689544769195869 -4.0481223239911381 10.932714880547248 10 20 26 0.57467258208301086 35 8757 33 8161 34 7641
1683 4.9345931618577517 -3.4961940638787934 11.443251082469281 123 117 54 0.73388479453431843 35 9408 33 8215 34 8371
1684 1.1110280086680293 -4.2540312492381345 18.884631290191788 89 62 42 0.55285682574217299 35 9424 33 8242 32 9687
1685 2.3346687014360086 -3.6563991429892426 18.380256392032617 192 128 85 1.7757332145917448 32 9700 35 9446 33 8268
1686 6.875688495642188 6.7159061872923242 21.212998244933669 161 107 52 1.1891534005149047 32 9277 33 8394 31 8678
1687 1.7127084967433219 -9.5361743670247261 11.164765627003053 49 51 47 0.55072472113612569 35 9139 33 8528 32 9388
1688 0.086629259423798038 -9.8114368279648314 12.965135055164271 208 212 232 0.72798926663097052 32 9441 35 9184 33 8569
1689 2.9156644531342368 -7.4583424785210486 11.137938541020013 29 20 14 0.65090967549602685 35 9236 33 8619 32 9507
1690 3.0863482936954778 -6.4514067958137788 10.752743710400383 52 31 34 1.019313636479378 32 9541 33 8669 35 9279
1691 4.5667616773085769 -6.0661715788031856 10.859198659501049 26 0 0 0.97475579989162142 32 9561 33 8708 35 8598 34 7417 39 10776 36 10669
1692 2.4856121249844167 -5.660514583623022 12.296544013833644 45 44 14 0.94849065906369656 35 9340 33 8757 32 9972
1694 6.5267443123278674 1.2221885525454068 14.338357525567737 26 7 0 1.2781577883907855 32 10154 35 9961 33 8989
1695 2.1493668138218731 3.0569448856969248 22.765396489768655 99 52 11 0.80247153990629982 32 9791 35 9555 33 8992 38 11800
1697 1.1278121256902893 -10.466063539338791 11.851658163359467 16 60 72 0.96329261344102635 35 10023 33 9066 32 9866 34 8592
1698 1.6374945573350652 -9.5471658794063181 10.763024180264461 76 94 89 1.0899700715720577 35 9637 33 9070 32 9871
1699 1.4548445837306787 -9.3077410052829208 11.093323113831174 161 171 169 0.36428026888117171 35 9660 33 9095 32 9884
1700 1.7568967143573018 -6.7965979348885579 14.218239544927675 69 66 58 0.64796900151215786 35 9756 33 9214 32 9591
1702 4.7180537843494053 -2.5493252144184422 12.657411983497784 103 91 47 0.56529535333053038 35 9866 33 9329 32 10057
1704 2.4942333909216376 -1.1981007601095188 17.603668113620198 208 126 82 0.41217349855906449 32 10371 33 9371
1705 6.3358242651781689 -0.74404313304586733 11.663329405159686 102 90 72 1.192620875386851 32 10120 35 10214 33 9407
1706 9.5942108253433016 10.463711797409827 21.516043626925736 170 127 91 0.94488694391283934 32 9816 33 9472 31 9730 35 9988
1707 9.7402289379905795 11.232339806214888 22.055110398693664 187 134 101 1.3925302096632775 32 10189 35 10248 33 9477 34 9010 36 11454 39 11144
1708 -7.7416791913341925 47.844018194345274 80.46159574327541 147 111 116 2.608910259209599 29 9215 36 10383 33 9481 30 9698
1709 -0.6910888211163515 -10.071665168242102 14.381898224744004 84 84 74 2.2719585910818645 32 10461 33 9535 35 10283
1710 0.17335982324582905 -8.2533174310230439 12.61677497862763 69 72 65 0.72262709458785368 32 10254 35 10067 33 9551
1711 4.5917328007334 -6.6270086561548984 11.002645493229725 35 23 21 2.2001329166925263 35 10077 33 9568 34 9345 36 11786
1712 -1.7198710645873341 -8.7685560827387707 16.641149063079613 126 130 107 0.47236778971279353 35 10079 33 9573 32 10270
1713 2.1896247499735484 -7.0585514516161938 12.801947284760853 47 36 30 1.2033488014731593 32 10497 35 10082 33 9577
1714 -0.36126140666045392 -7.983825003679847 15.432890509175113 135 132 116 0.28139601642530143 32 10273 35 10086 33 9578
1715 -1.4883882412421057 -7.9179438813879175 21.216248608319138 39 33 8 1.048979257836028 32 10298 33 9601 31 10094
1716 5.8153864946357592 -4.6186069425733391 10.800092840637477 48 37 7 1.284648512927735 35 10114 33 9606 32 10303
1717 5.5639887141978583 -4.2521294515425492 10.829808973024836 77 64 55 0.90880540862864323 35 10124 33 9612 32 9996 38 12164
1718 2.5112464159284107 -4.3773318369618579 13.620959065447167 63 61 46 1.5146406446054514 32 10314 33 9624 34 8798
1719 0.83078121317118814 -4.8986165139182809 17.860148854016238 43 41 52 2.1954953946744822 32 10540 33 9631 31 10250 34 9384 39 12020 36 11831
1720 5.3961043259830364 -3.0266482882441386 9.7655051374717186 50 37 5 2.2221655439358265 35 9835 33 9635
1721 -0.80415649870160877 -4.2073036244083584 24.506947289455745 82 64 28 0.55828284399728423 32 10342 33 9647 31 10134
1722 0.67774492992974777 -3.2711377769487608 22.041799756682774 81 60 39 1.0790807166254226 32 10347 33 9654
1723 2.0501442821954958 -2.5727852772916959 18.652358765643335 178 112 62 1.5104248218230003 35 10363 33 9661 32 10691
1726 2.6418527629095676 1.1032408920417194 18.51174028213892 217 167 138 1.5762719776507659 32 10404 35 10229 33 9723 34 8963
1727 -1.8083832961406603 41.355039176730045 90.414973880571182 167 138 130 1.8322508384929594 26 11985 33 9737 27 13471
1728 9.5983054813272251 11.044250263708168 20.714118723732351 114 65 48 1.4566056404720886 32 10423 35 10409 33 9747 31 9993 34 9477 39 12106
1730 -0.32160763078070964 56.996140034906048 87.966929969673814 153 97 41 1.5503513746845565 29 9218 33 9753 28 11714 36 11744
1731 4.1746654676202457 -8.7658673376064904 9.7533554367247479 84 73 59 2.0818348408959646 35 10271 33 9768 34 9037 39 11916
1732 1.2187280994166689 -8.693916036656173 12.525366252274337 39 34 15 1.5131573611472282 32 10466 35 10292 33 9781
1733 -1.3488330278406588 -9.9738974403888978 16.677435555765904 188 193 204 0.82437674805101013 35 10303 33 9791 32 10477
1734 3.3251030849442058 -5.8662596650573482 10.879220174923857 33 21 1 2.1215274635044605 32 10284 33 9807 38 12696
1736 3.1508899399245993 -4.786643839919531 12.610769624675491 41 33 12 1.4351676120652186 32 10526 35 10328 33 9820
1737 1.0247580913436254 -3.0697534663334638 21.11810097552965 155 112 61 0.21999100019315398 32 10567 33 9851
1738 -9.252176557811655 51.407716794636578 86.038879022566988 222 187 100 1.3290703195414835 33 9896 34 9479 39 12110 36 11916 27 13765
1740 4.3236644817911483 -8.3658732697098799 10.074130391757626 36 29 10 1.036772861468181 32 10722 35 10515 33 9913 34 9497
1741 3.1440999167817836 -7.4015851099885559 10.871854921077205 51 37 36 1.5941506514917334 32 10649 33 9922 38 12844
1742 1.9470438474211962 -7.5090453603375931 12.216703801155459 50 36 16 1.6532513560101123 35 10432 32 10656 34 9507
1743 4.1041823550579135 -6.0220234053792332 10.703554361140965 46 13 5 0.0892304262697909 35 10441 33 9933
1744 2.6011975264328329 -4.8565393799362688 13.334021112040373 71 72 71 0.67829366842568062 32 10672 33 9949
1745 5.0053238595756078 -1.4968377604529284 11.984951655372488 35 23 11 1.5961488466929832 35 10557 33 9978
1746 1.7416020137556878 -0.74947172210886981 21.477909315232807 208 156 108 1.0815636487374609 32 10762 33 9983 35 10558
1747 2.1883551845526052 0.19673391338133198 19.088129324150142 218 177 148 0.33905466865767669 35 10561 33 9988 32 10767
1748 -0.63774203358927151 -12.726718786948505 14.439356805987243 220 233 232 1.0278630122648733 35 10583 33 10016 32 10788
1749 4.9791940735071254 -8.7503331998681375 9.1829038936788159 66 49 31 1.8838203571208076 32 10789 34 9658
1750 5.9919182417337717 -3.1669165576778058 10.246558299478938 33 19 7 1.6880817678541693 35 10548 33 10056 34 9626 39 12267 36 12056
1751 6.0190506328673159 -1.238775044675515 11.282360695000859 57 49 39 1.1903921458793016 35 10620 33 10066 34 9635
1752 4.6322308224255178 -8.5156170906113537 9.6103094154814244 38 22 7 1.9244620328915367 35 10512 33 10090 34 9663 39 12307
1753 4.9185772573297086 -7.8227834307823993 10.832074323989474 62 55 31 1.4497725818082949 32 10794 35 10591 33 10095
1754 4.8949015264160245 -6.1582118748592629 10.546209470576384 57 35 29 2.6115726478256645 32 10801 33 10099 34 9609 39 12253 36 12043 38 13033 35 10597
1757 2.324831371770248 -6.0325905097995403 13.585985139881412 35 33 22 0.76940467961532144 31 9859 35 10104 34 9125
1758 -1.8659604258713824 -9.2859511839578062 17.740543866037275 155 158 150 0.98190912016509579 35 1646 33 1479 34 1318 39 1661
1760 -2.0260765324792298 -9.1982924857094197 18.150570963870557 63 74 89 1.2521139253178568 31 6796 35 7324 32 7699 26 9441 29 7511 28 9869 30 8574 27 11475
1762 8.4810789296909359 37.298047474630792 81.697113385099712 101 81 91 1.429681717528883 33 9893 28 11833 34 9274 36 11907 39 12096
1763 -1.5183773254168689 -9.0781713220650939 17.370792453491902 118 127 147 0.58017808523164127 33 4578 34 1337 36 1856
1764 -1.0601196861838522 -8.7001761367820141 16.833693871161433 158 159 154 1.3055136189572432 33 1527 34 1384 39 1727
1765 -1.5604055315257426 -8.5381227862440081 17.586445935095558 53 46 38 1.2852859483807926 33 1666 34 1506 39 5673
1766 -2.5709659522243209 -14.546620701918378 17.083453380863471 202 201 183 1.0486392414559191 33 220 35 259 34 3175
1767 1.2777253665665187 -8.0120700197329704 12.17643351165915 199 198 199 0.62876031814855693 33 6488 34 3740 39 1026
1768 -1.6087879875889415 -9.3247508855554102 17.457978900619924 180 184 167 0.5519494337794274 33 1435 34 3997 36 1773
1769 -1.3684660971952378 -8.1358582537364583 17.727984367951908 26 20 25 0.71574862239886416 33 6805 34 6118 36 6192
1770 0.62249461349673874 -7.249933019001233 15.431362405617557 3 11 25 0.4421314749412526 33 6815 34 6127 39 8488
1772 2.5512418720011354 -5.5906518604836162 11.951878126702693 150 148 124 1.6243302267016786 33 8055 34 8248 39 10012
1773 -0.21591513498404438 -5.7582861198614026 20.216646277036585 106 101 79 1.4545732600622887 33 9271 34 8354 39 10957 36 10834
1774 8.5700058548984277 8.8931207202267899 21.306960304859583 163 134 94 0.83468173373727483 33 9014 34 8539 36 11025
1775 8.3701624528149399 9.8489674002009195 22.290805752653313 195 125 38 1.2424261991519152 35 9984 34 8545 39 11134 36 11030
1776 4.5618217558192526 -6.2327679453412665 10.646095476869025 170 156 93 1.0791956022252194 33 9192 34 8701 39 11336
1777 -0.55087644554668014 -7.8004047749971939 15.769257484105013 21 19 14 0.75712514095151318 33 9204 36 11219
1778 5.7205447932961713 -5.5529975544032251 10.173660772731067 45 30 8 1.3906024664058467 31 9070 33 9209 34 8723 39 11726 36 11223
1779 5.7990431168426486 -4.2742780865545056 10.576077626407178 38 12 2 0.29055322703078479 33 9608 34 8780 39 11761
1780 -1.2540350650036203 -2.8547804503925445 28.204795233752133 189 149 117 3.0173387140404944 33 9349 34 8869 39 11474 38 12564
1781 2.2222957401767331 3.2953720539104947 22.486488940128496 117 67 45 1.6931478488680749 31 9711 33 9447 34 8976 36 11424 39 11567 38 12304
1782 7.4430405187581421 5.4170120212154593 20.928561944273923 140 98 44 1.0909203271082542 33 9454 34 8981 39 11578
1783 4.3781293801152783 10.514089697476891 35.454389325059196 185 150 108 0.66213900565539907 31 9980 34 8982
1784 6.8293867380598634 6.646778212783703 22.379954718287447 199 147 90 1.7694315953764796 35 9970 34 8983 36 11715 38 12595
1785 8.9932424248529497 8.116368052199995 21.250929910966324 90 72 62 1.4381100700734912 33 9462 34 8996 39 11895
1786 0.36823313967684396 -10.102513877545517 12.86010644613182 209 223 210 0.94374649669780908 33 9107 34 9048 39 11654 36 11507
1787 -3.7454542623016658 -13.183884275995135 21.337358533304293 122 118 136 1.2449511173224648 33 9550 34 9075 35 10063
1788 3.0420022971462664 -6.6453676523188827 10.894674969914508 46 43 8 1.8522625802773751 35 10311 34 9091 39 11315 36 11175
1789 4.1050673283909198 -4.6929623308845576 11.870075977537912 47 37 12 2.2516538462740123 33 9242 34 9141 38 12508
1790 3.4974857420450687 -3.9679930102563823 13.847985256622566 55 45 46 0.20528464094410243 33 9832 39 12021
1791 1.7968852057269316 2.4537368172381746 21.541751057624669 133 100 81 2.3780452117340043 31 9974 34 9253 39 11561
1792 3.2441960839233794 2.4115189100562526 21.505926817625458 187 140 96 2.0471181406165142 33 9445 34 9255 39 11562 36 11419
1793 1.4412972191181213 8.3742589631370414 33.769722395421049 183 132 101 1.5882903135947721 33 9730 35 10394 34 9259
1794 7.4023528324829329 5.9517405145052908 20.530132316877211 97 65 14 0.76635149260749691 33 9884 34 9261 32 10605
1795 7.9500710020307119 6.2561699951524581 21.262530546823914 122 90 67 1.4828532808226216 31 9982 33 9733 32 10166 36 11435
1796 2.5999271477693684 -6.6287748165771907 11.220643004744947 47 27 0 0.64722246731742794 33 9799 34 9343 36 11785
1797 4.8232509707131461 -5.9087827916848816 11.281602113115657 48 38 30 0.93702393705166942 34 9361 39 11980 36 11568
1798 6.2323587465310464 -1.0601583598976998 11.302175538448038 61 44 27 1.3439951493464826 35 10476 34 9435 36 11663
1799 2.07308476568052 3.0300344941707467 22.311799631981771 132 94 53 1.6342455632279793 31 10272 34 9457 32 10600 39 12075
1800 7.767508820937441 32.84315308658303 84.888455790467304 0 0 0 0.43467423604911437 27 13639 35 10397
1801 9.6015743626230297 11.041942583167424 20.709021589768714 118 84 37 1.692864042299808 35 10408 34 9476 32 10422 39 12105
1802 11.399847447781154 13.484723516683781 21.642049879516808 200 149 95 1.1033524607083185 33 9900 34 9488 35 10416 39 12120 36 11923
1803 4.4839238543435531 -6.9477351117495969 10.706294359696182 39 13 0 1.4683021498513453 33 10034 34 9505 39 12142
1804 -1.7171101135647984 -8.1753710339561323 18.460583865665249 63 52 48 1.2554617340226142 33 9938 34 9522 36 11956 39 11986
1805 5.2348668706332395 -4.6264724284489942 11.479298185852263 26 26 20 1.5578954772918772 31 10240 33 9947 34 9528
1806 5.2348668706332395 -4.6264724284489942 11.479298185852263 26 26 20 1.5578954772918772 31 10241 33 9948 34 9529
1807 1.2362683989303089 -5.1252815871333395 16.843538536271428 61 54 50 1.9262924284217853 33 9826 34 9536 36 11827
1808 2.843293815908853 -4.2544586844976022 13.572674698015952 41 23 24 1.8991851235948107 33 9954 34 9538 39 12172 36 11829
1811 8.6031345781151298 8.8055747437616603 19.793132152273021 170 126 79 1.5321957936838067 33 10085 34 9648 35 10628
1812 11.039062416487853 14.84039637935361 24.064289797008463 195 127 54 1.5228644648188265 35 10633 34 9703 31 10422 32 10835 39 12358 38 13072
1813 -1.5034279125792733 -9.1955066404144077 17.04475355812334 118 120 117 1.032946602934528 34 1272 39 1552 36 1750
1814 -1.597382519213199 -8.3796255192355797 17.175345597349271 204 211 206 1.255950182919696 34 1495 39 1931 36 2094
1815 -1.597382519213199 -8.3796255192355797 17.175345597349271 204 211 206 1.255950182919696 34 1496 39 1932 36 2095
1816 4.3397772444725797 -5.6257388202973395 10.837176896727954 64 55 3 1.3537976270425507 35 5356 39 2010 36 2207
1817 2.8806231121719446 -6.9189061551140245 11.253974698758622 64 50 11 0.65002638688403358 35 1481 39 5177 32 1658
1818 2.8670730965347695 -6.8247076943459479 11.156859642287158 179 164 120 1.4623117131628747 35 4926 39 5192 32 5247 38 5005
1819 4.2908842352543557 -5.8477067163939003 11.133241444260468 181 155 127 0.6554073474011658 34 4190 39 5683 36 6102
1820 0.59571552498732305 -7.2178961280628879 14.75143378546384 149 147 126 0.81379193419647022 34 6079 39 5724 36 6107
1822 5.2091477468356393 -5.3082326023095927 10.609712010182106 222 192 147 0.39009614202923387 35 7521 39 5867 32 7882
1823 2.1181665434320447 3.0505963560062779 21.938386540957509 141 105 88 1.3038249562100441 34 6813 39 7319 36 4369
1824 2.6787449457371557 2.958832557394603 21.48888530649333 186 163 138 0.72547669120523961 34 6815 39 7320 36 7552
1826 0.26426853609959305 -9.8913388798326913 12.652438341436207 94 104 138 0.8175785254732556 34 5593 39 7717 36 8000
1827 -1.1974641464938134 -8.8749320651711425 16.604386680677184 191 192 182 0.90864141304659307 34 5969 39 8268 36 8445
1828 -1.1587457814712612 -8.7020111063367374 16.620152013914964 149 155 151 0.79911684945808525 34 5987 39 8310 36 8467
1829 5.5477382970713185 -5.5923886635868136 10.321467924148049 149 143 112 0.33943083294923809 34 7457 39 8394 36 8575
1830 4.3570985757495047 -5.7042686447678976 11.236002032132841 3 0 3 1.331652734932764 34 6132 39 8465 36 6183 36 9936
1831 -1.8470269723701935 -7.8456880163006817 18.416887540738411 111 92 79 0.82904355041182498 34 6206 39 8571 36 8705
1832 -2.7845028986001572 -8.4080249542681713 20.132559916238844 158 156 134 0.80345446145798805 34 6208 39 8582 36 8711
1833 6.6456188589526208 -4.3844196255423986 9.3032554539763019 45 36 25 2.1096344966013341 34 7556 39 8629 36 6440
1834 -0.28381384283925692 -5.4611806475402584 21.126050662492432 67 51 34 1.5448058335934391 34 6484 39 8987 36 6947
1835 1.9574522631903193 2.8221772792939417 21.157317559643207 131 96 71 0.85775963571162983 34 6811 39 9320 36 10302
1836 3.8935148485402 -8.8331345325596846 10.654542521254024 179 178 158 1.0819817084697128 34 8061 39 9575 36 10498
1837 1.1558247981924419 -9.7814273894354997 12.295309003120231 236 240 223 0.75562933996499471 34 7127 39 9587 36 9646
1838 1.102360704816912 -8.4853121899231922 12.061972319971732 12 18 40 0.71199779421442189 34 7213 39 9681 36 9717
1839 0.38259994655915408 -8.7029386040749284 12.742176549385634 65 66 71 0.53708807554810056 34 7227 39 9699 36 9725
1840 2.2539761948944297 -7.8524043080433961 11.876816694206775 147 142 103 0.63412756278136184 34 7270 39 9745 36 8219
1841 2.7155400405158283 -6.9264293559527106 11.278148465694532 160 141 99 0.47772931205162394 35 8515 39 9809 32 8885 36 8333
1842 -1.7862131914304675 -9.0634296048157879 17.650045694402085 159 164 160 0.61581579546505882 34 7396 39 9898 36 8487
1843 4.8250743603981512 -5.8753630279283149 10.766910084599875 22 27 5 0.93555783958768435 34 6061 39 9928 36 9908
1844 4.5491482656293121 -4.8888804063659226 11.223584308715289 23 8 12 0.91515791341023112 34 7557 39 10071 36 10022
1845 4.4117407402105124 -4.975763778335569 11.510183835349466 26 20 14 0.97215162137263322 34 7559 39 10079 36 10025
1846 6.9262330389438969 -3.2734213545844097 9.8968685828089118 6 4 21 1.4158720009924854 34 7711 39 10252 36 9059
1847 6.8114269559075975 6.977344802270296 22.038927740833284 173 114 58 1.0289690310305324 35 8996 39 10455 33 8393 36 9346 34 6844
1848 7.6986755026111728 7.6034250278170417 22.86340416838118 170 120 86 0.41223685801620852 35 9000 39 10458
1849 8.5446933354729957 7.5964914217222725 20.528501997702445 123 89 62 0.57086559119920777 30 9661 39 10463
1850 9.5846633940475119 11.381642626908594 21.378057957727755 195 143 85 1.3575206812281175 35 8141 39 10495 32 8481
1851 4.1645147636859061 -8.4759778989382131 10.1467805690082 12 19 20 1.6850662875832647 34 8062 39 10613 36 9631
1852 4.1080862453375033 -8.6255345142978737 10.434570727185216 201 195 169 1.022092055586882 34 8068 39 10621 36 10502
1853 0.71293548274110763 -9.5540099823117242 12.430050677131442 68 83 121 0.66095271086956353 34 8078 39 10636 36 10519
1854 -2.8327975370486755 -12.742481090223775 17.467264698989915 135 110 113 0.33196294861020426 35 6922 39 10648
1855 1.970531980600069 -8.2003315751627337 11.730378072460569 33 18 0 0.38678865544008972 34 8107 39 10671 36 10555
1856 1.272142691579454 -7.6329679435243909 12.198215734043906 79 75 51 1.1791143024703967 34 7295 39 10710 36 10592
1857 3.9805759083390533 -7.2100814028867815 11.156205409815703 62 48 30 1.1279464061980533 34 8142 39 10711 36 10593
1858 0.50819296054523111 -7.4939093735739535 13.158720411077335 124 121 107 1.33882588256322 34 8688 39 10741 36 11184
1859 -1.9169645794364714 -9.1192973244024156 18.056582646470584 83 79 71 0.92018842074603902 34 8195 39 10782 36 10668
1860 -1.9306326886790748 -8.9096915536790924 17.873535248091063 184 190 202 0.81976057620586074 34 8201 39 10785 36 10677
1861 -1.3804145523138998 -8.5464258887942517 17.591391979455825 62 56 39 1.3796398556649792 34 8213 39 10798 38 12069
1862 5.8833389336038202 -5.3610843480044394 10.035671629273061 131 106 56 0.64472312211611194 34 8731 39 10809 36 10706
1863 -1.6077322392833542 -8.1772134931419611 17.46799232820862 70 55 39 0.77952548343729811 34 8220 39 10815 36 10704
1864 -2.8574930859103449 -8.3858805994495729 20.493779728379629 142 138 126 1.3337791118498743 34 8258 39 10855 36 8739
1865 -2.7847908333074969 -8.0722163245237883 19.800412074618542 174 179 174 1.6784593431290025 34 7525 39 10859 36 10753
1866 5.4230105948128857 -3.9410694345613009 11.054936540228839 53 37 20 1.0057956217075232 34 8342 39 10929 36 10825
1867 7.0223042967237461 -2.1684139606904953 10.861862465579451 18 7 3 2.3762893069972981 34 8436 39 11010 36 10908
1868 3.5062893364114274 1.9965151886713812 20.286772976653612 149 86 45 0.34651941874522657 34 8508 39 11092 36 10985
1869 7.8867002421149888 8.1722399236665844 21.717307823648611 167 125 87 0.68631355717988884 30 8128 39 11126
1870 8.0952603892979891 8.5704416164756214 22.388338571947418 116 77 60 2.0250801263096729 34 7902 35 9576 39 11128 32 9805 36 11022
1871 9.8801141924962188 11.170956946461329 21.772739069360814 105 70 52 1.0218002587980595 35 9588 39 11145 31 9381 33 9033
1872 0.0061043725802036692 -11.740926341035586 13.446474856927317 201 207 212 2.1095730611930597 34 8589 39 11189 36 11491
1874 6.1999829676822662 -7.8193763033557468 8.7870374243691334 165 164 117 2.1975686811478847 34 9046 36 11501 39 11214
1875 5.9885153755342149 -6.7142157249942054 9.0386350537017996 159 145 107 2.3445000989047058 34 8656 39 11268 36 10560
1876 5.9885153755342149 -6.7142157249942054 9.0386350537017996 159 145 107 2.3445000989047058 34 8657 39 11269 36 10561
1877 5.3457040898493746 -5.8093000343050498 9.3009320304539909 47 36 16 0.55410791277767524 34 8693 39 11323
1878 1.4046699878157123 -7.3736197347134613 12.889735024831451 46 41 22 1.4314392342754367 34 8692 39 11325 36 10632
1879 4.0695144587040719 -5.6482035284594527 11.027625152191341 42 14 14 1.1879008830953437 34 8232 39 11367 36 10710
1880 6.1232776095933366 -4.1831816727562154 10.300896343362034 62 44 31 0.56225837500329323 34 8310 39 11406 36 11277
1881 0.89831633317955895 -2.2559710561346007 21.481056783745665 151 114 70 1.8074258330921851 34 9208 39 11477 36 11337
1882 8.1135110342274785 7.5840384072374416 21.812102355746486 107 83 49 0.18426002575662201 35 9975 39 11587 31 9360
1883 8.5624030101179134 8.7995782199392032 21.158772361964456 170 121 74 0.93446013058862187 35 9577 39 11593 36 11446
1884 9.7394540699404395 11.243601508722781 21.523230218975918 172 126 68 0.7246638338134691 35 9991 39 11614 31 9736 32 10192 36 11456
1885 2.7768229898105465 50.685172812760996 80.610211077936 166 117 52 0.8513131834112404 30 10076 39 11624
1886 6.3197089907404944 -7.2569325854478057 8.9407574322314307 80 57 62 1.7086081534442084 34 9058 39 11662 36 11122
1887 6.173437528557411 -6.7593774780372256 8.6433104272779921 123 113 79 2.1630234417230083 34 9063 39 11671 36 11133
1888 1.6991134919698545 -8.5249783523995468 12.054865764427412 14 16 18 1.542301997111579 34 9066 39 11676 36 11523
1889 3.731655793875857 -6.7650975097064787 10.590853204391587 49 32 4 0.39699758969021987 34 9088 39 11694 36 11547
1890 4.0847092526637905 -6.216856410041407 11.416706922770523 73 57 39 0.5119561717621115 34 9113 39 11719 36 11797
1891 0.16914725326631949 -7.1971722714306408 16.113098055566443 86 82 72 1.1936822868669976 34 9122 39 11741 36 11575
1893 2.9487906535232526 -5.0509198198148217 13.397949748962139 87 86 67 0.91089940075557152 34 9142 39 11760 36 11590
1894 5.0715653884630916 -3.8250452230384275 11.14501309274722 59 42 31 0.74917078628673239 34 9153 39 11769 36 11599
1895 5.9352861325423119 -3.6591712852651677 10.834520235578617 32 7 3 0.92425508704051873 34 9159 39 11775 36 11604
1896 0.34400010682760412 -5.0138863784285999 18.853197159214194 98 87 68 1.9976522506843013 34 9386 36 11609 39 11784
1897 1.0804131564949664 -4.123585179363265 17.37449220735957 46 33 33 2.3215394031380447 34 9168 36 11618 39 11787
1899 1.3809904705311138 -8.0789141757447656 11.534529018103747 29 34 16 0.63597398313553866 34 9321 39 11936 36 11769
1900 0.59272369749273079 -8.4720041915714184 12.918633087998119 76 92 100 1.0030965345644127 34 9330 39 11946 36 11773
1901 -0.12467062769495536 -8.3967647567438597 13.480007766449173 117 116 98 0.69642944408587437 34 9333 39 11953 36 11541
1902 3.2709621414368373 -6.6960541986167721 10.832028885974838 45 30 7 0.83135334208368139 34 9342 39 11961 36 11781
1903 5.6246705865237594 -6.2294169751519055 10.428793310223691 55 43 17 1.2252219811982958 34 9103 39 11963 36 11790
1904 6.12672821783001 -5.543606773252745 9.1943757693705965 56 38 11 1.0282425125357288 34 9109 39 11969 36 11791
1905 4.1599296695261225 -6.2928354114349681 11.195949634531619 37 15 1 1.5300648597567605 34 9356 39 11973 36 11559
1906 -1.3886731384165107 -8.4573599446681733 17.574534951885461 68 64 56 1.1637741059845326 34 9359 39 11983 36 11800 38 12857
1907 6.298277015691319 -4.6113126760165892 10.157382034275861 34 22 5 0.78253389313119281 34 9130 39 11995 36 11584
1908 -1.318463341568586 -7.7082266828214152 20.325252949288775 58 56 43 1.6297509679071058 34 9371 39 11996 36 11259
1909 2.5710307633090399 -5.1992923746617876 14.172037725975457 100 98 83 0.13495001231239767 34 9530 39 12002
1910 6.2610750666044943 -4.1226749573029329 10.311286274012383 174 151 109 0.31075105778537071 34 9375 39 12003 36 11815
1911 6.2610750666044943 -4.1226749573029329 10.311286274012383 174 151 109 0.31075105778537071 34 9376 39 12004 36 11816
1912 5.5359693800751435 -4.1663058487663047 11.263548040121595 81 74 53 0.91799108060683066 34 9533 39 12008 36 11820
1913 5.3544536722777334 -3.8705253169393123 11.121688392393212 49 37 20 0.47754384048761578 34 9382 39 12015 36 11826
1914 6.8924804552678038 -3.1689790858094518 10.196655005264555 59 43 22 1.5476380330115826 34 9391 39 12026 36 11837
1915 3.4678397011091158 2.133653547632842 20.578811942238513 145 103 74 2.2853170840332595 34 9454 36 11895 39 12069
1916 2.5957021456792595 2.6237527188121343 21.231103990652048 172 97 66 2.036487218210473 35 10391 39 12074 33 9996 32 10703
1917 2.4415534803295058 3.1037748104674132 22.196962102894766 167 152 145 0.81379364503989327 35 10393 39 12077 32 10601 36 11898
1918 7.6822264000216167 6.1226173349643336 20.00625702934974 101 66 36 2.119527448106147 35 10395 39 12088 38 12786
1919 7.9104861849614281 6.9683525489682303 21.306744100074784 133 99 73 2.4981453682086969 30 10293 39 12091 29 9360
1920 1.1068798089182958 -8.4671565310875856 12.463665976773433 82 96 111 0.99096693515896328 34 9324 39 12135 36 11942
1921 2.6695566910479744 -7.6778638007209405 11.491888365881929 51 38 19 1.1964708333309704 34 9606 39 12139 36 11944
1922 5.2880881104204471 -6.6019507942532734 10.290870842086195 84 75 57 0.82068352373074338 34 9339 39 12146 36 11779
1923 5.2880881104204471 -6.6019507942532734 10.290870842086195 84 75 57 0.82068352373074338 34 9340 39 12147 36 11780
1924 0.72205212491812976 -7.9197034364274446 13.880572173454688 37 31 15 1.4442740685000295 34 9514 39 12151 36 11952
1925 6.42500463437647 -4.0636287604371288 10.124688740080931 57 31 5 0.88570206454799039 34 9616 39 12165 36 11965
1926 4.8373156914202928 -7.8119651047197145 9.5587664412840923 75 71 57 1.5603450686710754 34 9601 39 12242
1927 4.0852793763730881 -4.2814919581712596 12.224949912909445 31 21 4 1.5285736244416792 34 9617 39 12266 36 12050
1928 -0.33008440854911375 -4.4853344927200585 22.052716389417796 70 51 39 2.0781967114329412 34 9688 39 12272
1929 5.8429584936871848 -2.1140814929467169 14.424124175920316 38 16 9 2.0154156656622644 34 9561 39 12276 36 11993
1930 0.87611513400775431 -2.0072159952884219 22.34130672138593 172 130 69 1.4844843915792751 34 9562 39 12277 36 11867
1931 2.7566558395652629 2.3724989389521327 20.506076174370392 0 0 0 2.5212537893946396 34 9643 35 10623
1933 1.7032415605588866 -8.9724719043129753 11.561114084022892 105 134 133 2.1689791183987492 34 9604 39 12310 36 12092
1934 1.0033069632205942 -8.8182095636723936 12.007424498226973 34 47 21 1.3787208198890004 34 9668 39 12312 36 12032
1935 1.0033069632205942 -8.8182095636723936 12.007424498226973 34 47 21 1.3787208198890004 34 9669 39 12313 36 12033
1936 3.2211506814017037 -7.2355571762881317 11.07281877486313 55 43 19 2.2355217609307729 34 9607 39 12315 36 12096
1937 5.6207026250226919 -5.6913392988528608 10.156693872718188 69 49 62 0.62237967537610561 34 9676 39 12319 36 12104
1938 5.6207026250226919 -5.6913392988528608 10.156693872718188 69 49 62 0.62237967537610561 34 9677 39 12320 36 12105
1942 9.3524477834646458 42.349524070146749 104.97873850357925 0 0 0 1.6113931343646226 24 10520 35 10399 32 10608 33 9889
1943 1.6400763587348994 -9.0904187072590918 11.728535898805474 193 208 214 0.91161363107944504 34 3453 39 4642 36 5130
1944 -2.8986676465231729 -11.949270235479156 17.235141541168606 159 148 118 1.0454954586930925 34 3572 39 4802 36 5255
1945 7.0905863480388724 -2.1875561311274847 10.860196045430603 127 122 107 1.3212479216921897 34 4965 39 3609 36 7229
1946 8.4849666309061984 7.9495596963773565 20.839449235511548 157 118 93 1.3213102906603436 33 8405 36 7633 35 9007 32 9806
1947 4.9081297250843408 -5.8343586776273293 10.859424500007552 6 21 18 0.53276163724681025 34 4174 39 8386 36 8570
1948 -1.3028804086518315 -8.1101246414857666 17.750124833475574 115 109 83 1.2153931233863868 34 6129 39 9992 36 8634
1949 8.6146325966253858 8.9348710523652723 22.341108652809709 173 127 105 0.35651990094310737 34 6857 36 9358
1950 4.8584791165695682 -5.8553473800127467 10.930346550565854 171 166 131 0.84688007019507039 34 7447 39 8390 36 9916
1951 7.5258061404913557 -5.1698608919513864 9.7683081596226362 189 174 93 0.23611314686799656 39 9990 36 9958
1952 6.4175994219591752 -3.3667541390978517 10.141419550531175 6 6 0 2.4363789185259503 34 7705 39 10245 36 10134
1954 1.5672656116961643 52.958637965298607 82.323270495953594 168 116 76 1.290334035021681 28 10443 33 8452 36 10398 31 8728
1955 4.327667648937128 -6.1881088071195665 10.777865712617318 43 41 45 0.75998425254932833 34 7393 39 10758 36 10655
1957 7.7022515100560147 8.4756988293458448 22.434235502085841 162 114 64 1.1584011948375716 34 8992 36 11021 39 11590
1958 0.2795351662729601 32.677983879262456 76.09463488625336 152 126 131 1.8308023283731996 32 9808 34 8999 36 11024 38 9714
1959 8.2507550643815097 9.1483542206355875 21.527775866693883 199 138 93 0.86847884538210218 34 8540 39 10469 36 11027
1960 2.2845247141758898 -8.720160102675786 9.8620974041582752 76 75 71 1.9490190752226886 34 8605 39 11194 36 11080
1961 0.69262274445701855 -8.8592830461346992 12.363291146011226 200 201 202 0.27931695746987001 34 8645 39 11261 36 11132
1962 -0.98682490052426131 -7.2112801238789714 20.62210327026467 32 21 2 1.4835684501967448 34 8774 39 11762 36 11272
1964 4.0310594084658593 -2.6454395193993774 13.159724366055171 87 80 61 1.1501445292325503 34 8844 39 11456 36 11314
1965 8.5201566466878305 8.8588376006217917 21.601201221571273 113 77 25 1.4899185400704062 34 9001 39 11592 36 11445
1966 8.4373115478446969 9.4832247428509806 21.065784535526486 115 69 33 1.3515973382653348 34 9004 39 11597 36 11448
1967 -1.6571695297814353 -9.1571514246157673 16.928065983213489 186 192 192 0.58319190382622021 34 9099 39 11964 36 11554
1968 2.2109219826558517 -6.4787503805823965 11.485195458961938 49 45 39 1.5715204533706943 34 9105 39 11967 36 11556
1969 8.3842983160825781 9.1169814468780732 22.137957842831451 193 143 93 0.75817653386264183 34 9269 39 12093 36 11719
1970 7.6344724320675272 48.412559504367529 83.297180269227823 47 29 19 1.3974801569702211 28 11708 34 9480 31 10000 36 11738
1971 11.935938921956016 13.001870651600473 21.052097623160719 179 137 87 1.4329564728075805 34 9022 39 11910 36 11743
1972 2.8437196185730693 -4.2238489856384982 13.477986811585117 25 17 3 2.6539918263411213 33 9953 36 11828
1973 11.04537860304209 10.550959392727933 20.696356809309492 150 122 93 1.2404302599738817 34 9474 39 12229 36 11912
1974 11.439282731811325 10.432325307466826 19.911565193512523 47 15 4 0.94553388576703856 34 9478 36 11913
1975 10.676066765412939 11.126552032913862 20.077073696290253 83 53 35 1.4620350584244299 34 9286 39 11907 36 11914
1977 -1.6235206900767247 -9.5874173130725993 17.141911454086809 121 123 120 1.7926621731576453 34 9513 39 12150 36 11951
1978 1.0964539966920348 -6.6150398202654399 14.200895317587534 27 14 7 1.1067972330201052 34 9365 39 12159 36 11955
1979 11.076163657962573 11.146848299893634 20.32656341670894 151 111 85 0.47262984935386926 34 9589 39 12231 36 12019
1980 6.6386015412516386 54.567481046854454 83.196983765830439 113 99 72 2.0505229683797079 28 11951 34 9595 39 12239 36 12023
1982 11.541010046820141 11.407076642077566 20.501807158597796 55 28 8 1.7424593237351707 34 9700 36 12135 38 13004
1983 2.6407108696395163 3.0662990955561304 22.28958852164391 185 160 141 0.78796519397363241 32 6730 35 6410 33 5800 34 5155 36 7553 34 6816 39 7321
1984 4.4196330618971595 -5.536232175304165 10.767739130231337 30 7 0 1.2874347498365835 31 4754 32 7844 34 4235 33 4818 36 6155 35 2082 39 5762 38 1771
1987 6.0446637130904559 -10.471580561548938 11.872610944673317 142 140 102 3.6700069677231926 34 8613 36 11086
1989 6.1748057512910632 -2.9501909938843789 10.809936444201734 143 127 101 0.86016145926103549 39 6743 38 2955 36 3529
1990 2.0136888331809288 2.9873267992041068 22.031112708040805 149 117 90 1.6399429167480546 29 6957 38 9682 28 9337
1991 2.4733496538813871 50.732019662950435 79.405283444728312 166 115 52 1.2181847224996241 29 7995 38 11086 28 10442 30 9121
1992 8.6599427444585437 8.2621731595783352 21.700803270018064 165 110 70 0.87618275398238799 39 11129 38 12314 34 7904
1993 1.758866230074221 2.2806984024221566 21.61827580260228 153 108 83 1.8094175649822064 36 10984 39 11094 38 12585
1994 0.17822700970996391 -0.85384828717559569 28.778061927184513 116 86 31 1.5948419786971142 33 9867 38 12772
1995 0.17822700970996391 -0.85384828717559569 28.778061927184513 116 86 31 1.5948419786971142 33 9866 38 12773
1996 7.6923177067399084 6.0492793042428437 21.204549680670439 111 59 23 1.3278217136515886 36 12007 38 12784
1997 8.5574742292740851 35.942658878042344 81.434140144901704 118 102 102 0.93491645936702883 36 11722 38 12792 28 11831
1998 2.1508380094226864 2.9660514576299239 22.123579173422154 117 70 36 1.0841809356516217 26 10161 29 7928 28 10327 30 9055 27 12030 24 8560 23 8314 25 8124 38 11799 31 9338 35 9554 33 8991 34 8514 39 11098
